subject	rt	evidence_type	evidence	item	response	slide_number_in_experiment	screenW	screenH	OS	Browser	language	enjoyment	gender	age	comments	asses	time_in_minutes
0	6183	evidence2	Sie berühren die Kaffeetasse und stellen fest, dass sie kalt ist	kaffee	bare	3	1920	1080	Mac	Firefox	deutsch	0	Female	28		Confused	2.36325
0	15909	evidence1	Sie schauen aus dem Fenster und sehen Struppi, den Hund der Nachbarn, wie er am Zaun steht und bellt	hund	bare	4	1920	1080	Mac	Firefox	deutsch	0	Female	28		Confused	2.36325
0	8478	evidence2	Sie hören einen Hund bellen	hund	wohl	5	1920	1080	Mac	Firefox	deutsch	0	Female	28		Confused	2.36325
0	12231	evidence5	Sie wissen, dass sich die Nachbarn gerade einen Hund angeschafft haben	hund	bare	6	1920	1080	Mac	Firefox	deutsch	0	Female	28		Confused	2.36325
0	10791	evidence4	Sie vernehmen den Geruch von Essen, der aus dem Esszimmer kommt	abendessen	wohl	7	1920	1080	Mac	Firefox	deutsch	0	Female	28		Confused	2.36325
0	7855	evidence5	Sie haben am Vormittag dunkle Wolken am Himmel gesehen	regen	muss	8	1920	1080	Mac	Firefox	deutsch	0	Female	28		Confused	2.36325
0	6081	evidence2	Sie konnten hören, wie Wasser auf das Dach prasselte	regen	bare	9	1920	1080	Mac	Firefox	deutsch	0	Female	28		Confused	2.36325
0	21523	evidence1	Sie trinken einen Schluck Kaffee und stellen fest, dass er kalt ist	kaffee	bare	10	1920	1080	Mac	Firefox	deutsch	0	Female	28		Confused	2.36325
0	9311	evidence5	Sie haben Hunger	abendessen	vermutlich	11	1920	1080	Mac	Firefox	deutsch	0	Female	28		Confused	2.36325
0	3153	evidence1	Sie haben gerade das Abendessen zubereitet und auf den Tisch gestellt	abendessen	bare	12	1920	1080	Mac	Firefox	deutsch	0	Female	28		Confused	2.36325
0	6582	evidence3	Sie sahen, wie jemand mit nassen Haaren und durchnässten Kleidern von draußen hereinkam	regen	muss	13	1920	1080	Mac	Firefox	deutsch	0	Female	28		Confused	2.36325
0	6167	evidence5	Sie sehen, dass die Tasse nicht isoliert ist	kaffee	vermutlich	14	1920	1080	Mac	Firefox	deutsch	0	Female	28		Confused	2.36325
1	35915	evidence2	Sie berühren die Kaffeetasse und stellen fest, dass sie kalt ist	kaffee	wohl	3	1366	768	Windows	Chrome	Deutsch	2	Female	31		Yes	3.55565
1	15119	evidence5	Sie sehen, dass die Tasse nicht isoliert ist	kaffee	vermutlich	4	1366	768	Windows	Chrome	Deutsch	2	Female	31		Yes	3.55565
1	19210	evidence2	Sie konnten hören, wie Wasser auf das Dach prasselte	regen	wohl	5	1366	768	Windows	Chrome	Deutsch	2	Female	31		Yes	3.55565
1	18769	evidence1	Sie haben gerade das Abendessen zubereitet und auf den Tisch gestellt	abendessen	bare	6	1366	768	Windows	Chrome	Deutsch	2	Female	31		Yes	3.55565
1	12273	evidence4	Sie haben im Internet den Wetterbericht gelesen, in dem stand, dass es regnen würde	regen	vermutlich	7	1366	768	Windows	Chrome	Deutsch	2	Female	31		Yes	3.55565
1	12664	evidence4	Sie vernehmen den Geruch von Essen, der aus dem Esszimmer kommt	abendessen	muss	8	1366	768	Windows	Chrome	Deutsch	2	Female	31		Yes	3.55565
1	12931	evidence1	Sie sahen aus dem Fenster und beobachteten, wie Regentropfen vom Himmel fielen	regen	bare	9	1366	768	Windows	Chrome	Deutsch	2	Female	31		Yes	3.55565
1	9823	evidence1	Sie trinken einen Schluck Kaffee und stellen fest, dass er kalt ist	kaffee	bare	10	1366	768	Windows	Chrome	Deutsch	2	Female	31		Yes	3.55565
1	19068	evidence3	Sie haben Kopfhörer auf und hören Musik, sehen aber aus dem Fenster und beobachten, wie der Postbote vor der Nachbarstür einen Satz nach hinten macht	hund	muss	11	1366	768	Windows	Chrome	Deutsch	2	Female	31		Yes	3.55565
1	4647	evidence5	Sie wissen, dass sich die Nachbarn gerade einen Hund angeschafft haben	hund	wohl	12	1366	768	Windows	Chrome	Deutsch	2	Female	31		Yes	3.55565
1	6689	evidence2	Sie hören einen Hund bellen	hund	bare	13	1366	768	Windows	Chrome	Deutsch	2	Female	31		Yes	3.55565
1	11729	evidence3	Sie wissen, dass das Abendessen normalerweise um 18 Uhr fertig ist. Ein Blick auf die Uhr zeigt, dass es gerade 18 Uhr ist	abendessen	vermutlich	14	1366	768	Windows	Chrome	Deutsch	2	Female	31		Yes	3.55565
2	29864	evidence5	Sie haben Hunger	abendessen	muss	3	1440	900	Mac	Safari	Deutsch	1	Male	41		Yes	2.23313333333
2	23735	evidence4	Sie haben Kopfhörer auf und hören Musik, wissen aber, dass der Hund der Nachbarn oft bellt	hund	vermutlich	4	1440	900	Mac	Safari	Deutsch	1	Male	41		Yes	2.23313333333
2	10329	evidence5	Sie wissen, dass sich die Nachbarn gerade einen Hund angeschafft haben	hund	muss	5	1440	900	Mac	Safari	Deutsch	1	Male	41		Yes	2.23313333333
2	12267	evidence2	Sie konnten hören, wie Wasser auf das Dach prasselte	regen	bare	6	1440	900	Mac	Safari	Deutsch	1	Male	41		Yes	2.23313333333
2	3481	evidence3	Sie wissen, dass das Abendessen normalerweise um 18 Uhr fertig ist. Ein Blick auf die Uhr zeigt, dass es gerade 18 Uhr ist	abendessen	vermutlich	7	1440	900	Mac	Safari	Deutsch	1	Male	41		Yes	2.23313333333
2	2496	evidence1	Sie schauen aus dem Fenster und sehen Struppi, den Hund der Nachbarn, wie er am Zaun steht und bellt	hund	vermutlich	8	1440	900	Mac	Safari	Deutsch	1	Male	41		Yes	2.23313333333
2	2283	evidence1	Sie sahen aus dem Fenster und beobachteten, wie Regentropfen vom Himmel fielen	regen	muss	9	1440	900	Mac	Safari	Deutsch	1	Male	41		Yes	2.23313333333
2	5394	evidence4	Sie sehen, dass aus dem Kaffee kein Dampf aufsteigt	kaffee	wohl	10	1440	900	Mac	Safari	Deutsch	1	Male	41		Yes	2.23313333333
2	2754	evidence5	Sie haben am Vormittag dunkle Wolken am Himmel gesehen	regen	bare	11	1440	900	Mac	Safari	Deutsch	1	Male	41		Yes	2.23313333333
2	2286	evidence5	Sie sehen, dass die Tasse nicht isoliert ist	kaffee	muss	12	1440	900	Mac	Safari	Deutsch	1	Male	41		Yes	2.23313333333
2	2305	evidence1	Sie trinken einen Schluck Kaffee und stellen fest, dass er kalt ist	kaffee	vermutlich	13	1440	900	Mac	Safari	Deutsch	1	Male	41		Yes	2.23313333333
2	2022	evidence2	Ihr/e Mann/Frau hat gesagt, dass das Abendessen fertig sei	abendessen	muss	14	1440	900	Mac	Safari	Deutsch	1	Male	41		Yes	2.23313333333
3	37711	evidence4	Sie vernehmen den Geruch von Essen, der aus dem Esszimmer kommt	abendessen	wohl	3	1920	1080	Windows	Firefox	Deutsch	2	Male	45		Yes	3.99971666667
3	19006	evidence1	Sie schauen aus dem Fenster und sehen Struppi, den Hund der Nachbarn, wie er am Zaun steht und bellt	hund	bare	4	1920	1080	Windows	Firefox	Deutsch	2	Male	45		Yes	3.99971666667
3	13945	evidence5	Sie wissen, dass sich die Nachbarn gerade einen Hund angeschafft haben	hund	vermutlich	5	1920	1080	Windows	Firefox	Deutsch	2	Male	45		Yes	3.99971666667
3	16014	evidence4	Sie sehen, dass aus dem Kaffee kein Dampf aufsteigt	kaffee	bare	6	1920	1080	Windows	Firefox	Deutsch	2	Male	45		Yes	3.99971666667
3	10732	evidence5	Sie haben am Vormittag dunkle Wolken am Himmel gesehen	regen	vermutlich	7	1920	1080	Windows	Firefox	Deutsch	2	Male	45		Yes	3.99971666667
3	16403	evidence1	Sie sahen aus dem Fenster und beobachteten, wie Regentropfen vom Himmel fielen	regen	wohl	8	1920	1080	Windows	Firefox	Deutsch	2	Male	45		Yes	3.99971666667
3	10912	evidence5	Sie sehen, dass die Tasse nicht isoliert ist	kaffee	bare	9	1920	1080	Windows	Firefox	Deutsch	2	Male	45		Yes	3.99971666667
3	13897	evidence4	Sie haben Kopfhörer auf und hören Musik, wissen aber, dass der Hund der Nachbarn oft bellt	hund	vermutlich	10	1920	1080	Windows	Firefox	Deutsch	2	Male	45		Yes	3.99971666667
3	13396	evidence3	Sie wissen, dass das Abendessen normalerweise um 18 Uhr fertig ist. Ein Blick auf die Uhr zeigt, dass es gerade 18 Uhr ist	abendessen	muss	11	1920	1080	Windows	Firefox	Deutsch	2	Male	45		Yes	3.99971666667
3	11556	evidence2	Sie berühren die Kaffeetasse und stellen fest, dass sie kalt ist	kaffee	bare	12	1920	1080	Windows	Firefox	Deutsch	2	Male	45		Yes	3.99971666667
3	10920	evidence2	Sie konnten hören, wie Wasser auf das Dach prasselte	regen	bare	13	1920	1080	Windows	Firefox	Deutsch	2	Male	45		Yes	3.99971666667
3	12927	evidence1	Sie haben gerade das Abendessen zubereitet und auf den Tisch gestellt	abendessen	bare	14	1920	1080	Windows	Firefox	Deutsch	2	Male	45		Yes	3.99971666667
4	27467	evidence3	Sie haben Kopfhörer auf und hören Musik, sehen aber aus dem Fenster und beobachten, wie der Postbote vor der Nachbarstür einen Satz nach hinten macht	hund	wohl	3	1366	768	Windows	Firefox	deutsch	2	Male	32		Yes	3.30626666667
4	20527	evidence5	Sie sehen, dass die Tasse nicht isoliert ist	kaffee	vermutlich	4	1366	768	Windows	Firefox	deutsch	2	Male	32		Yes	3.30626666667
4	8417	evidence3	Sie wissen, dass der Kaffee seit einer Stunde auf dem Tisch steht	kaffee	muss	5	1366	768	Windows	Firefox	deutsch	2	Male	32		Yes	3.30626666667
4	13527	evidence4	Sie haben Kopfhörer auf und hören Musik, wissen aber, dass der Hund der Nachbarn oft bellt	hund	vermutlich	6	1366	768	Windows	Firefox	deutsch	2	Male	32		Yes	3.30626666667
4	15924	evidence2	Ihr/e Mann/Frau hat gesagt, dass das Abendessen fertig sei	abendessen	bare	7	1366	768	Windows	Firefox	deutsch	2	Male	32		Yes	3.30626666667
4	7400	evidence1	Sie trinken einen Schluck Kaffee und stellen fest, dass er kalt ist	kaffee	bare	8	1366	768	Windows	Firefox	deutsch	2	Male	32		Yes	3.30626666667
4	14105	evidence4	Sie haben im Internet den Wetterbericht gelesen, in dem stand, dass es regnen würde	regen	wohl	9	1366	768	Windows	Firefox	deutsch	2	Male	32		Yes	3.30626666667
4	9650	evidence2	Sie konnten hören, wie Wasser auf das Dach prasselte	regen	bare	10	1366	768	Windows	Firefox	deutsch	2	Male	32		Yes	3.30626666667
4	6118	evidence1	Sie sahen aus dem Fenster und beobachteten, wie Regentropfen vom Himmel fielen	regen	bare	11	1366	768	Windows	Firefox	deutsch	2	Male	32		Yes	3.30626666667
4	15233	evidence5	Sie haben Hunger	abendessen	wohl	12	1366	768	Windows	Firefox	deutsch	2	Male	32		Yes	3.30626666667
4	6806	evidence4	Sie vernehmen den Geruch von Essen, der aus dem Esszimmer kommt	abendessen	muss	13	1366	768	Windows	Firefox	deutsch	2	Male	32		Yes	3.30626666667
4	6361	evidence2	Sie hören einen Hund bellen	hund	bare	14	1366	768	Windows	Firefox	deutsch	2	Male	32		Yes	3.30626666667
5	16024	evidence2	Sie konnten hören, wie Wasser auf das Dach prasselte	regen	bare	3	1920	1200	Windows	Firefox	Deutsch	2	Male	54		Yes	2.36743333333
5	11028	evidence3	Sie haben Kopfhörer auf und hören Musik, sehen aber aus dem Fenster und beobachten, wie der Postbote vor der Nachbarstür einen Satz nach hinten macht	hund	wohl	4	1920	1200	Windows	Firefox	Deutsch	2	Male	54		Yes	2.36743333333
5	13308	evidence3	Sie wissen, dass das Abendessen normalerweise um 18 Uhr fertig ist. Ein Blick auf die Uhr zeigt, dass es gerade 18 Uhr ist	abendessen	vermutlich	5	1920	1200	Windows	Firefox	Deutsch	2	Male	54		Yes	2.36743333333
5	6919	evidence1	Sie trinken einen Schluck Kaffee und stellen fest, dass er kalt ist	kaffee	bare	6	1920	1200	Windows	Firefox	Deutsch	2	Male	54		Yes	2.36743333333
5	8703	evidence4	Sie sehen, dass aus dem Kaffee kein Dampf aufsteigt	kaffee	vermutlich	7	1920	1200	Windows	Firefox	Deutsch	2	Male	54		Yes	2.36743333333
5	14162	evidence4	Sie haben im Internet den Wetterbericht gelesen, in dem stand, dass es regnen würde	regen	wohl	8	1920	1200	Windows	Firefox	Deutsch	2	Male	54		Yes	2.36743333333
5	6022	evidence3	Sie sahen, wie jemand mit nassen Haaren und durchnässten Kleidern von draußen hereinkam	regen	wohl	9	1920	1200	Windows	Firefox	Deutsch	2	Male	54		Yes	2.36743333333
5	7119	evidence3	Sie wissen, dass der Kaffee seit einer Stunde auf dem Tisch steht	kaffee	muss	10	1920	1200	Windows	Firefox	Deutsch	2	Male	54		Yes	2.36743333333
5	11545	evidence5	Sie wissen, dass sich die Nachbarn gerade einen Hund angeschafft haben	hund	vermutlich	11	1920	1200	Windows	Firefox	Deutsch	2	Male	54		Yes	2.36743333333
5	6090	evidence4	Sie vernehmen den Geruch von Essen, der aus dem Esszimmer kommt	abendessen	wohl	12	1920	1200	Windows	Firefox	Deutsch	2	Male	54		Yes	2.36743333333
5	4813	evidence2	Sie hören einen Hund bellen	hund	bare	13	1920	1200	Windows	Firefox	Deutsch	2	Male	54		Yes	2.36743333333
5	6941	evidence1	Sie haben gerade das Abendessen zubereitet und auf den Tisch gestellt	abendessen	bare	14	1920	1200	Windows	Firefox	Deutsch	2	Male	54		Yes	2.36743333333
6	61191	evidence1	Sie sahen aus dem Fenster und beobachteten, wie Regentropfen vom Himmel fielen	regen	bare	3	360	640	Linux	Chrome	deutsch 	2	Male	54		Yes	6.51565
6	35074	evidence3	Sie wissen, dass das Abendessen normalerweise um 18 Uhr fertig ist. Ein Blick auf die Uhr zeigt, dass es gerade 18 Uhr ist	abendessen	vermutlich	4	360	640	Linux	Chrome	deutsch 	2	Male	54		Yes	6.51565
6	17447	evidence4	Sie sehen, dass aus dem Kaffee kein Dampf aufsteigt	kaffee	bare	5	360	640	Linux	Chrome	deutsch 	2	Male	54		Yes	6.51565
6	13035	evidence3	Sie wissen, dass der Kaffee seit einer Stunde auf dem Tisch steht	kaffee	bare	6	360	640	Linux	Chrome	deutsch 	2	Male	54		Yes	6.51565
6	14397	evidence4	Sie vernehmen den Geruch von Essen, der aus dem Esszimmer kommt	abendessen	bare	7	360	640	Linux	Chrome	deutsch 	2	Male	54		Yes	6.51565
6	18414	evidence3	Sie sahen, wie jemand mit nassen Haaren und durchnässten Kleidern von draußen hereinkam	regen	bare	8	360	640	Linux	Chrome	deutsch 	2	Male	54		Yes	6.51565
6	21136	evidence5	Sie sehen, dass die Tasse nicht isoliert ist	kaffee	vermutlich	9	360	640	Linux	Chrome	deutsch 	2	Male	54		Yes	6.51565
6	13226	evidence5	Sie haben am Vormittag dunkle Wolken am Himmel gesehen	regen	vermutlich	10	360	640	Linux	Chrome	deutsch 	2	Male	54		Yes	6.51565
6	39384	evidence5	Sie haben Hunger	abendessen	vermutlich	11	360	640	Linux	Chrome	deutsch 	2	Male	54		Yes	6.51565
6	22544	evidence1	Sie schauen aus dem Fenster und sehen Struppi, den Hund der Nachbarn, wie er am Zaun steht und bellt	hund	bare	12	360	640	Linux	Chrome	deutsch 	2	Male	54		Yes	6.51565
6	19815	evidence3	Sie haben Kopfhörer auf und hören Musik, sehen aber aus dem Fenster und beobachten, wie der Postbote vor der Nachbarstür einen Satz nach hinten macht	hund	vermutlich	13	360	640	Linux	Chrome	deutsch 	2	Male	54		Yes	6.51565
6	18212	evidence2	Sie hören einen Hund bellen	hund	bare	14	360	640	Linux	Chrome	deutsch 	2	Male	54		Yes	6.51565
7	12492	evidence3	Sie wissen, dass das Abendessen normalerweise um 18 Uhr fertig ist. Ein Blick auf die Uhr zeigt, dass es gerade 18 Uhr ist	abendessen	wohl	3	1366	768	Windows	Chrome	deutsch	2	Male	35		Yes	3.07081666667
7	20039	evidence1	Sie haben gerade das Abendessen zubereitet und auf den Tisch gestellt	abendessen	bare	4	1366	768	Windows	Chrome	deutsch	2	Male	35		Yes	3.07081666667
7	17890	evidence3	Sie sahen, wie jemand mit nassen Haaren und durchnässten Kleidern von draußen hereinkam	regen	vermutlich	5	1366	768	Windows	Chrome	deutsch	2	Male	35		Yes	3.07081666667
7	26793	evidence1	Sie schauen aus dem Fenster und sehen Struppi, den Hund der Nachbarn, wie er am Zaun steht und bellt	hund	bare	6	1366	768	Windows	Chrome	deutsch	2	Male	35		Yes	3.07081666667
7	37128	evidence2	Sie berühren die Kaffeetasse und stellen fest, dass sie kalt ist	kaffee	bare	7	1366	768	Windows	Chrome	deutsch	2	Male	35		Yes	3.07081666667
7	5524	evidence2	Sie hören einen Hund bellen	hund	bare	8	1366	768	Windows	Chrome	deutsch	2	Male	35		Yes	3.07081666667
7	6619	evidence5	Sie wissen, dass sich die Nachbarn gerade einen Hund angeschafft haben	hund	bare	9	1366	768	Windows	Chrome	deutsch	2	Male	35		Yes	3.07081666667
7	13206	evidence5	Sie sehen, dass die Tasse nicht isoliert ist	kaffee	wohl	10	1366	768	Windows	Chrome	deutsch	2	Male	35		Yes	3.07081666667
7	9192	evidence1	Sie sahen aus dem Fenster und beobachteten, wie Regentropfen vom Himmel fielen	regen	bare	11	1366	768	Windows	Chrome	deutsch	2	Male	35		Yes	3.07081666667
7	6813	evidence2	Sie konnten hören, wie Wasser auf das Dach prasselte	regen	bare	12	1366	768	Windows	Chrome	deutsch	2	Male	35		Yes	3.07081666667
7	5869	evidence4	Sie vernehmen den Geruch von Essen, der aus dem Esszimmer kommt	abendessen	bare	13	1366	768	Windows	Chrome	deutsch	2	Male	35		Yes	3.07081666667
7	3763	evidence1	Sie trinken einen Schluck Kaffee und stellen fest, dass er kalt ist	kaffee	bare	14	1366	768	Windows	Chrome	deutsch	2	Male	35		Yes	3.07081666667
8	24824	evidence2	Sie konnten hören, wie Wasser auf das Dach prasselte	regen	wohl	3	1536	864	Windows	Firefox	Deutsch	2	Male	35		Yes	4.71571666667
8	19544	evidence1	Sie schauen aus dem Fenster und sehen Struppi, den Hund der Nachbarn, wie er am Zaun steht und bellt	hund	bare	4	1536	864	Windows	Firefox	Deutsch	2	Male	35		Yes	4.71571666667
8	12851	evidence4	Sie sehen, dass aus dem Kaffee kein Dampf aufsteigt	kaffee	bare	5	1536	864	Windows	Firefox	Deutsch	2	Male	35		Yes	4.71571666667
8	12661	evidence3	Sie wissen, dass der Kaffee seit einer Stunde auf dem Tisch steht	kaffee	muss	6	1536	864	Windows	Firefox	Deutsch	2	Male	35		Yes	4.71571666667
8	16860	evidence1	Sie haben gerade das Abendessen zubereitet und auf den Tisch gestellt	abendessen	bare	7	1536	864	Windows	Firefox	Deutsch	2	Male	35		Yes	4.71571666667
8	31065	evidence3	Sie sahen, wie jemand mit nassen Haaren und durchnässten Kleidern von draußen hereinkam	regen	muss	8	1536	864	Windows	Firefox	Deutsch	2	Male	35		Yes	4.71571666667
8	23714	evidence5	Sie haben Hunger	abendessen	bare	9	1536	864	Windows	Firefox	Deutsch	2	Male	35		Yes	4.71571666667
8	23096	evidence5	Sie haben am Vormittag dunkle Wolken am Himmel gesehen	regen	vermutlich	10	1536	864	Windows	Firefox	Deutsch	2	Male	35		Yes	4.71571666667
8	19521	evidence5	Sie sehen, dass die Tasse nicht isoliert ist	kaffee	vermutlich	11	1536	864	Windows	Firefox	Deutsch	2	Male	35		Yes	4.71571666667
8	14284	evidence2	Sie hören einen Hund bellen	hund	bare	12	1536	864	Windows	Firefox	Deutsch	2	Male	35		Yes	4.71571666667
8	22335	evidence3	Sie haben Kopfhörer auf und hören Musik, sehen aber aus dem Fenster und beobachten, wie der Postbote vor der Nachbarstür einen Satz nach hinten macht	hund	wohl	13	1536	864	Windows	Firefox	Deutsch	2	Male	35		Yes	4.71571666667
8	19720	evidence4	Sie vernehmen den Geruch von Essen, der aus dem Esszimmer kommt	abendessen	muss	14	1536	864	Windows	Firefox	Deutsch	2	Male	35		Yes	4.71571666667
9	40841	evidence1	Sie trinken einen Schluck Kaffee und stellen fest, dass er kalt ist	kaffee	bare	3	1280	1024	Windows	Firefox	Deutsch	0	Male	27		Yes	5.1191
9	20827	evidence1	Sie schauen aus dem Fenster und sehen Struppi, den Hund der Nachbarn, wie er am Zaun steht und bellt	hund	bare	4	1280	1024	Windows	Firefox	Deutsch	0	Male	27		Yes	5.1191
9	31137	evidence5	Sie haben Hunger	abendessen	bare	5	1280	1024	Windows	Firefox	Deutsch	0	Male	27		Yes	5.1191
9	38552	evidence4	Sie haben Kopfhörer auf und hören Musik, wissen aber, dass der Hund der Nachbarn oft bellt	hund	vermutlich	6	1280	1024	Windows	Firefox	Deutsch	0	Male	27		Yes	5.1191
9	16369	evidence2	Sie berühren die Kaffeetasse und stellen fest, dass sie kalt ist	kaffee	muss	7	1280	1024	Windows	Firefox	Deutsch	0	Male	27		Yes	5.1191
9	11061	evidence3	Sie wissen, dass das Abendessen normalerweise um 18 Uhr fertig ist. Ein Blick auf die Uhr zeigt, dass es gerade 18 Uhr ist	abendessen	muss	8	1280	1024	Windows	Firefox	Deutsch	0	Male	27		Yes	5.1191
9	24020	evidence2	Ihr/e Mann/Frau hat gesagt, dass das Abendessen fertig sei	abendessen	bare	9	1280	1024	Windows	Firefox	Deutsch	0	Male	27		Yes	5.1191
9	16691	evidence2	Sie konnten hören, wie Wasser auf das Dach prasselte	regen	muss	10	1280	1024	Windows	Firefox	Deutsch	0	Male	27		Yes	5.1191
9	12154	evidence5	Sie sehen, dass die Tasse nicht isoliert ist	kaffee	vermutlich	11	1280	1024	Windows	Firefox	Deutsch	0	Male	27		Yes	5.1191
9	24059	evidence3	Sie sahen, wie jemand mit nassen Haaren und durchnässten Kleidern von draußen hereinkam	regen	vermutlich	12	1280	1024	Windows	Firefox	Deutsch	0	Male	27		Yes	5.1191
9	20103	evidence1	Sie sahen aus dem Fenster und beobachteten, wie Regentropfen vom Himmel fielen	regen	bare	13	1280	1024	Windows	Firefox	Deutsch	0	Male	27		Yes	5.1191
9	14615	evidence5	Sie wissen, dass sich die Nachbarn gerade einen Hund angeschafft haben	hund	wohl	14	1280	1024	Windows	Firefox	Deutsch	0	Male	27		Yes	5.1191
10	27043	evidence3	Sie haben Kopfhörer auf und hören Musik, sehen aber aus dem Fenster und beobachten, wie der Postbote vor der Nachbarstür einen Satz nach hinten macht	hund	vermutlich	3	1920	1080	Windows	Chrome	deutsch	1	Male	30		Yes	2.5443
10	17526	evidence1	Sie haben gerade das Abendessen zubereitet und auf den Tisch gestellt	abendessen	bare	4	1920	1080	Windows	Chrome	deutsch	1	Male	30		Yes	2.5443
10	8560	evidence3	Sie sahen, wie jemand mit nassen Haaren und durchnässten Kleidern von draußen hereinkam	regen	bare	5	1920	1080	Windows	Chrome	deutsch	1	Male	30		Yes	2.5443
10	9527	evidence3	Sie wissen, dass der Kaffee seit einer Stunde auf dem Tisch steht	kaffee	wohl	6	1920	1080	Windows	Chrome	deutsch	1	Male	30		Yes	2.5443
10	10914	evidence4	Sie sehen, dass aus dem Kaffee kein Dampf aufsteigt	kaffee	vermutlich	7	1920	1080	Windows	Chrome	deutsch	1	Male	30		Yes	2.5443
10	8101	evidence2	Sie hören einen Hund bellen	hund	vermutlich	8	1920	1080	Windows	Chrome	deutsch	1	Male	30		Yes	2.5443
10	10030	evidence4	Sie haben im Internet den Wetterbericht gelesen, in dem stand, dass es regnen würde	regen	vermutlich	9	1920	1080	Windows	Chrome	deutsch	1	Male	30		Yes	2.5443
10	8762	evidence4	Sie vernehmen den Geruch von Essen, der aus dem Esszimmer kommt	abendessen	vermutlich	10	1920	1080	Windows	Chrome	deutsch	1	Male	30		Yes	2.5443
10	7661	evidence1	Sie sahen aus dem Fenster und beobachteten, wie Regentropfen vom Himmel fielen	regen	bare	11	1920	1080	Windows	Chrome	deutsch	1	Male	30		Yes	2.5443
10	7441	evidence4	Sie haben Kopfhörer auf und hören Musik, wissen aber, dass der Hund der Nachbarn oft bellt	hund	vermutlich	12	1920	1080	Windows	Chrome	deutsch	1	Male	30		Yes	2.5443
10	5796	evidence1	Sie trinken einen Schluck Kaffee und stellen fest, dass er kalt ist	kaffee	bare	13	1920	1080	Windows	Chrome	deutsch	1	Male	30		Yes	2.5443
10	7275	evidence2	Ihr/e Mann/Frau hat gesagt, dass das Abendessen fertig sei	abendessen	bare	14	1920	1080	Windows	Chrome	deutsch	1	Male	30		Yes	2.5443
11	21145	evidence2	Sie hören einen Hund bellen	hund	bare	3	1920	1080	Windows	Chrome	Deutsch	2	Male	32		Yes	3.41088333333
11	10674	evidence5	Sie wissen, dass sich die Nachbarn gerade einen Hund angeschafft haben	hund	bare	4	1920	1080	Windows	Chrome	Deutsch	2	Male	32		Yes	3.41088333333
11	15264	evidence2	Ihr/e Mann/Frau hat gesagt, dass das Abendessen fertig sei	abendessen	wohl	5	1920	1080	Windows	Chrome	Deutsch	2	Male	32		Yes	3.41088333333
11	5946	evidence1	Sie haben gerade das Abendessen zubereitet und auf den Tisch gestellt	abendessen	bare	6	1920	1080	Windows	Chrome	Deutsch	2	Male	32		Yes	3.41088333333
11	14296	evidence2	Sie konnten hören, wie Wasser auf das Dach prasselte	regen	bare	7	1920	1080	Windows	Chrome	Deutsch	2	Male	32		Yes	3.41088333333
11	21603	evidence3	Sie haben Kopfhörer auf und hören Musik, sehen aber aus dem Fenster und beobachten, wie der Postbote vor der Nachbarstür einen Satz nach hinten macht	hund	vermutlich	8	1920	1080	Windows	Chrome	Deutsch	2	Male	32		Yes	3.41088333333
11	13793	evidence1	Sie trinken einen Schluck Kaffee und stellen fest, dass er kalt ist	kaffee	bare	9	1920	1080	Windows	Chrome	Deutsch	2	Male	32		Yes	3.41088333333
11	14211	evidence3	Sie wissen, dass das Abendessen normalerweise um 18 Uhr fertig ist. Ein Blick auf die Uhr zeigt, dass es gerade 18 Uhr ist	abendessen	wohl	10	1920	1080	Windows	Chrome	Deutsch	2	Male	32		Yes	3.41088333333
11	13369	evidence5	Sie haben am Vormittag dunkle Wolken am Himmel gesehen	regen	wohl	11	1920	1080	Windows	Chrome	Deutsch	2	Male	32		Yes	3.41088333333
11	8556	evidence4	Sie sehen, dass aus dem Kaffee kein Dampf aufsteigt	kaffee	vermutlich	12	1920	1080	Windows	Chrome	Deutsch	2	Male	32		Yes	3.41088333333
11	10727	evidence3	Sie wissen, dass der Kaffee seit einer Stunde auf dem Tisch steht	kaffee	bare	13	1920	1080	Windows	Chrome	Deutsch	2	Male	32		Yes	3.41088333333
11	11690	evidence4	Sie haben im Internet den Wetterbericht gelesen, in dem stand, dass es regnen würde	regen	vermutlich	14	1920	1080	Windows	Chrome	Deutsch	2	Male	32		Yes	3.41088333333
12	31539	evidence3	Sie haben Kopfhörer auf und hören Musik, sehen aber aus dem Fenster und beobachten, wie der Postbote vor der Nachbarstür einen Satz nach hinten macht	hund	vermutlich	3	1138	640	Windows	Mozilla	Deutsch	2	Female	71		Yes	5.76995
12	21980	evidence1	Sie trinken einen Schluck Kaffee und stellen fest, dass er kalt ist	kaffee	bare	4	1138	640	Windows	Mozilla	Deutsch	2	Female	71		Yes	5.76995
12	21425	evidence1	Sie schauen aus dem Fenster und sehen Struppi, den Hund der Nachbarn, wie er am Zaun steht und bellt	hund	bare	5	1138	640	Windows	Mozilla	Deutsch	2	Female	71		Yes	5.76995
12	19124	evidence4	Sie haben im Internet den Wetterbericht gelesen, in dem stand, dass es regnen würde	regen	muss	6	1138	640	Windows	Mozilla	Deutsch	2	Female	71		Yes	5.76995
12	13681	evidence1	Sie haben gerade das Abendessen zubereitet und auf den Tisch gestellt	abendessen	bare	7	1138	640	Windows	Mozilla	Deutsch	2	Female	71		Yes	5.76995
12	23373	evidence1	Sie sahen aus dem Fenster und beobachteten, wie Regentropfen vom Himmel fielen	regen	bare	8	1138	640	Windows	Mozilla	Deutsch	2	Female	71		Yes	5.76995
12	16303	evidence5	Sie sehen, dass die Tasse nicht isoliert ist	kaffee	vermutlich	9	1138	640	Windows	Mozilla	Deutsch	2	Female	71		Yes	5.76995
12	21385	evidence3	Sie wissen, dass der Kaffee seit einer Stunde auf dem Tisch steht	kaffee	muss	10	1138	640	Windows	Mozilla	Deutsch	2	Female	71		Yes	5.76995
12	17396	evidence3	Sie sahen, wie jemand mit nassen Haaren und durchnässten Kleidern von draußen hereinkam	regen	muss	11	1138	640	Windows	Mozilla	Deutsch	2	Female	71		Yes	5.76995
12	22293	evidence5	Sie wissen, dass sich die Nachbarn gerade einen Hund angeschafft haben	hund	wohl	12	1138	640	Windows	Mozilla	Deutsch	2	Female	71		Yes	5.76995
12	19143	evidence4	Sie vernehmen den Geruch von Essen, der aus dem Esszimmer kommt	abendessen	muss	13	1138	640	Windows	Mozilla	Deutsch	2	Female	71		Yes	5.76995
12	18809	evidence3	Sie wissen, dass das Abendessen normalerweise um 18 Uhr fertig ist. Ein Blick auf die Uhr zeigt, dass es gerade 18 Uhr ist	abendessen	muss	14	1138	640	Windows	Mozilla	Deutsch	2	Female	71		Yes	5.76995
13	17811	evidence3	Sie haben Kopfhörer auf und hören Musik, sehen aber aus dem Fenster und beobachten, wie der Postbote vor der Nachbarstür einen Satz nach hinten macht	hund	vermutlich	3	1920	1080	Windows	Firefox		-1	Male	18		Confused	2.60608333333
13	10957	evidence1	Sie schauen aus dem Fenster und sehen Struppi, den Hund der Nachbarn, wie er am Zaun steht und bellt	hund	bare	4	1920	1080	Windows	Firefox		-1	Male	18		Confused	2.60608333333
13	12121	evidence4	Sie sehen, dass aus dem Kaffee kein Dampf aufsteigt	kaffee	muss	5	1920	1080	Windows	Firefox		-1	Male	18		Confused	2.60608333333
13	21279	evidence4	Sie haben Kopfhörer auf und hören Musik, wissen aber, dass der Hund der Nachbarn oft bellt	hund	wohl	6	1920	1080	Windows	Firefox		-1	Male	18		Confused	2.60608333333
13	10525	evidence5	Sie sehen, dass die Tasse nicht isoliert ist	kaffee	vermutlich	7	1920	1080	Windows	Firefox		-1	Male	18		Confused	2.60608333333
13	8156	evidence3	Sie sahen, wie jemand mit nassen Haaren und durchnässten Kleidern von draußen hereinkam	regen	wohl	8	1920	1080	Windows	Firefox		-1	Male	18		Confused	2.60608333333
13	9408	evidence4	Sie vernehmen den Geruch von Essen, der aus dem Esszimmer kommt	abendessen	muss	9	1920	1080	Windows	Firefox		-1	Male	18		Confused	2.60608333333
13	3877	evidence2	Ihr/e Mann/Frau hat gesagt, dass das Abendessen fertig sei	abendessen	bare	10	1920	1080	Windows	Firefox		-1	Male	18		Confused	2.60608333333
13	11539	evidence5	Sie haben am Vormittag dunkle Wolken am Himmel gesehen	regen	vermutlich	11	1920	1080	Windows	Firefox		-1	Male	18		Confused	2.60608333333
13	20004	evidence4	Sie haben im Internet den Wetterbericht gelesen, in dem stand, dass es regnen würde	regen	vermutlich	12	1920	1080	Windows	Firefox		-1	Male	18		Confused	2.60608333333
13	16034	evidence1	Sie haben gerade das Abendessen zubereitet und auf den Tisch gestellt	abendessen	bare	13	1920	1080	Windows	Firefox		-1	Male	18		Confused	2.60608333333
13	5208	evidence2	Sie berühren die Kaffeetasse und stellen fest, dass sie kalt ist	kaffee	bare	14	1920	1080	Windows	Firefox		-1	Male	18		Confused	2.60608333333
14	30689	evidence5	Sie sehen, dass die Tasse nicht isoliert ist	kaffee	wohl	3	1024	768	Windows	Firefox	Deutsch	1	Male	35		Confused	1.75265
14	12444	evidence4	Sie haben Kopfhörer auf und hören Musik, wissen aber, dass der Hund der Nachbarn oft bellt	hund	wohl	4	1024	768	Windows	Firefox	Deutsch	1	Male	35		Confused	1.75265
14	6061	evidence5	Sie haben Hunger	abendessen	vermutlich	5	1024	768	Windows	Firefox	Deutsch	1	Male	35		Confused	1.75265
14	5763	evidence1	Sie haben gerade das Abendessen zubereitet und auf den Tisch gestellt	abendessen	vermutlich	6	1024	768	Windows	Firefox	Deutsch	1	Male	35		Confused	1.75265
14	2982	evidence4	Sie haben im Internet den Wetterbericht gelesen, in dem stand, dass es regnen würde	regen	muss	7	1024	768	Windows	Firefox	Deutsch	1	Male	35		Confused	1.75265
14	3502	evidence3	Sie haben Kopfhörer auf und hören Musik, sehen aber aus dem Fenster und beobachten, wie der Postbote vor der Nachbarstür einen Satz nach hinten macht	hund	wohl	8	1024	768	Windows	Firefox	Deutsch	1	Male	35		Confused	1.75265
14	6000	evidence4	Sie sehen, dass aus dem Kaffee kein Dampf aufsteigt	kaffee	vermutlich	9	1024	768	Windows	Firefox	Deutsch	1	Male	35		Confused	1.75265
14	4248	evidence3	Sie wissen, dass das Abendessen normalerweise um 18 Uhr fertig ist. Ein Blick auf die Uhr zeigt, dass es gerade 18 Uhr ist	abendessen	vermutlich	10	1024	768	Windows	Firefox	Deutsch	1	Male	35		Confused	1.75265
14	2935	evidence1	Sie sahen aus dem Fenster und beobachteten, wie Regentropfen vom Himmel fielen	regen	bare	11	1024	768	Windows	Firefox	Deutsch	1	Male	35		Confused	1.75265
14	2510	evidence2	Sie konnten hören, wie Wasser auf das Dach prasselte	regen	wohl	12	1024	768	Windows	Firefox	Deutsch	1	Male	35		Confused	1.75265
14	2792	evidence2	Sie berühren die Kaffeetasse und stellen fest, dass sie kalt ist	kaffee	bare	13	1024	768	Windows	Firefox	Deutsch	1	Male	35		Confused	1.75265
14	2278	evidence2	Sie hören einen Hund bellen	hund	muss	14	1024	768	Windows	Firefox	Deutsch	1	Male	35		Confused	1.75265
15	10383	evidence1	Sie trinken einen Schluck Kaffee und stellen fest, dass er kalt ist	kaffee	wohl	3	1280	1024	Windows	Chrome	deutsch	2	Male	46		Yes	2.62208333333
15	5808	evidence5	Sie sehen, dass die Tasse nicht isoliert ist	kaffee	bare	4	1280	1024	Windows	Chrome	deutsch	2	Male	46		Yes	2.62208333333
15	17163	evidence4	Sie sehen, dass aus dem Kaffee kein Dampf aufsteigt	kaffee	muss	5	1280	1024	Windows	Chrome	deutsch	2	Male	46		Yes	2.62208333333
15	18953	evidence5	Sie wissen, dass sich die Nachbarn gerade einen Hund angeschafft haben	hund	bare	6	1280	1024	Windows	Chrome	deutsch	2	Male	46		Yes	2.62208333333
15	13941	evidence4	Sie haben im Internet den Wetterbericht gelesen, in dem stand, dass es regnen würde	regen	vermutlich	7	1280	1024	Windows	Chrome	deutsch	2	Male	46		Yes	2.62208333333
15	5159	evidence5	Sie haben am Vormittag dunkle Wolken am Himmel gesehen	regen	muss	8	1280	1024	Windows	Chrome	deutsch	2	Male	46		Yes	2.62208333333
15	5546	evidence4	Sie haben Kopfhörer auf und hören Musik, wissen aber, dass der Hund der Nachbarn oft bellt	hund	muss	9	1280	1024	Windows	Chrome	deutsch	2	Male	46		Yes	2.62208333333
15	8739	evidence3	Sie wissen, dass das Abendessen normalerweise um 18 Uhr fertig ist. Ein Blick auf die Uhr zeigt, dass es gerade 18 Uhr ist	abendessen	wohl	10	1280	1024	Windows	Chrome	deutsch	2	Male	46		Yes	2.62208333333
15	2538	evidence2	Ihr/e Mann/Frau hat gesagt, dass das Abendessen fertig sei	abendessen	vermutlich	11	1280	1024	Windows	Chrome	deutsch	2	Male	46		Yes	2.62208333333
15	6215	evidence2	Sie hören einen Hund bellen	hund	bare	12	1280	1024	Windows	Chrome	deutsch	2	Male	46		Yes	2.62208333333
15	7659	evidence2	Sie konnten hören, wie Wasser auf das Dach prasselte	regen	muss	13	1280	1024	Windows	Chrome	deutsch	2	Male	46		Yes	2.62208333333
15	5498	evidence4	Sie vernehmen den Geruch von Essen, der aus dem Esszimmer kommt	abendessen	muss	14	1280	1024	Windows	Chrome	deutsch	2	Male	46		Yes	2.62208333333
16	35838	evidence4	Sie vernehmen den Geruch von Essen, der aus dem Esszimmer kommt	abendessen	wohl	3	1920	1080	Windows	Chrome	Deutsch	2	Male	20		Confused	3.48688333333
16	18920	evidence1	Sie trinken einen Schluck Kaffee und stellen fest, dass er kalt ist	kaffee	bare	4	1920	1080	Windows	Chrome	Deutsch	2	Male	20		Confused	3.48688333333
16	17724	evidence4	Sie sehen, dass aus dem Kaffee kein Dampf aufsteigt	kaffee	vermutlich	5	1920	1080	Windows	Chrome	Deutsch	2	Male	20		Confused	3.48688333333
16	7062	evidence3	Sie wissen, dass der Kaffee seit einer Stunde auf dem Tisch steht	kaffee	vermutlich	6	1920	1080	Windows	Chrome	Deutsch	2	Male	20		Confused	3.48688333333
16	19509	evidence3	Sie haben Kopfhörer auf und hören Musik, sehen aber aus dem Fenster und beobachten, wie der Postbote vor der Nachbarstür einen Satz nach hinten macht	hund	vermutlich	7	1920	1080	Windows	Chrome	Deutsch	2	Male	20		Confused	3.48688333333
16	16067	evidence3	Sie sahen, wie jemand mit nassen Haaren und durchnässten Kleidern von draußen hereinkam	regen	bare	8	1920	1080	Windows	Chrome	Deutsch	2	Male	20		Confused	3.48688333333
16	15873	evidence5	Sie wissen, dass sich die Nachbarn gerade einen Hund angeschafft haben	hund	vermutlich	9	1920	1080	Windows	Chrome	Deutsch	2	Male	20		Confused	3.48688333333
16	7647	evidence2	Ihr/e Mann/Frau hat gesagt, dass das Abendessen fertig sei	abendessen	bare	10	1920	1080	Windows	Chrome	Deutsch	2	Male	20		Confused	3.48688333333
16	17931	evidence5	Sie haben Hunger	abendessen	wohl	11	1920	1080	Windows	Chrome	Deutsch	2	Male	20		Confused	3.48688333333
16	12767	evidence1	Sie sahen aus dem Fenster und beobachteten, wie Regentropfen vom Himmel fielen	regen	muss	12	1920	1080	Windows	Chrome	Deutsch	2	Male	20		Confused	3.48688333333
16	9405	evidence4	Sie haben Kopfhörer auf und hören Musik, wissen aber, dass der Hund der Nachbarn oft bellt	hund	muss	13	1920	1080	Windows	Chrome	Deutsch	2	Male	20		Confused	3.48688333333
16	7705	evidence5	Sie haben am Vormittag dunkle Wolken am Himmel gesehen	regen	vermutlich	14	1920	1080	Windows	Chrome	Deutsch	2	Male	20		Confused	3.48688333333
17	77293	evidence4	Sie haben Kopfhörer auf und hören Musik, wissen aber, dass der Hund der Nachbarn oft bellt	hund	muss	3	1440	900	Windows	Firefox	deutsch	2	Female	46		Yes	5.55901666667
17	26890	evidence5	Sie haben Hunger	abendessen	wohl	4	1440	900	Windows	Firefox	deutsch	2	Female	46		Yes	5.55901666667
17	20136	evidence2	Sie berühren die Kaffeetasse und stellen fest, dass sie kalt ist	kaffee	bare	5	1440	900	Windows	Firefox	deutsch	2	Female	46		Yes	5.55901666667
17	12379	evidence2	Sie hören einen Hund bellen	hund	bare	6	1440	900	Windows	Firefox	deutsch	2	Female	46		Yes	5.55901666667
17	8775	evidence1	Sie haben gerade das Abendessen zubereitet und auf den Tisch gestellt	abendessen	bare	7	1440	900	Windows	Firefox	deutsch	2	Female	46		Yes	5.55901666667
17	33595	evidence3	Sie wissen, dass der Kaffee seit einer Stunde auf dem Tisch steht	kaffee	bare	8	1440	900	Windows	Firefox	deutsch	2	Female	46		Yes	5.55901666667
17	15487	evidence4	Sie vernehmen den Geruch von Essen, der aus dem Esszimmer kommt	abendessen	bare	9	1440	900	Windows	Firefox	deutsch	2	Female	46		Yes	5.55901666667
17	39817	evidence1	Sie sahen aus dem Fenster und beobachteten, wie Regentropfen vom Himmel fielen	regen	bare	10	1440	900	Windows	Firefox	deutsch	2	Female	46		Yes	5.55901666667
17	14483	evidence5	Sie haben am Vormittag dunkle Wolken am Himmel gesehen	regen	vermutlich	11	1440	900	Windows	Firefox	deutsch	2	Female	46		Yes	5.55901666667
17	9095	evidence4	Sie sehen, dass aus dem Kaffee kein Dampf aufsteigt	kaffee	bare	12	1440	900	Windows	Firefox	deutsch	2	Female	46		Yes	5.55901666667
17	28654	evidence3	Sie haben Kopfhörer auf und hören Musik, sehen aber aus dem Fenster und beobachten, wie der Postbote vor der Nachbarstür einen Satz nach hinten macht	hund	vermutlich	13	1440	900	Windows	Firefox	deutsch	2	Female	46		Yes	5.55901666667
17	20527	evidence2	Sie konnten hören, wie Wasser auf das Dach prasselte	regen	muss	14	1440	900	Windows	Firefox	deutsch	2	Female	46		Yes	5.55901666667
18	53065	evidence2	Sie hören einen Hund bellen	hund	bare	3	1024	768	Windows	Chrome	Deutsch	2	Male	47		Yes	8.07121666667
18	45242	evidence3	Sie wissen, dass das Abendessen normalerweise um 18 Uhr fertig ist. Ein Blick auf die Uhr zeigt, dass es gerade 18 Uhr ist	abendessen	muss	4	1024	768	Windows	Chrome	Deutsch	2	Male	47		Yes	8.07121666667
18	16690	evidence1	Sie sahen aus dem Fenster und beobachteten, wie Regentropfen vom Himmel fielen	regen	bare	5	1024	768	Windows	Chrome	Deutsch	2	Male	47		Yes	8.07121666667
18	55286	evidence5	Sie haben am Vormittag dunkle Wolken am Himmel gesehen	regen	wohl	6	1024	768	Windows	Chrome	Deutsch	2	Male	47		Yes	8.07121666667
18	61992	evidence3	Sie haben Kopfhörer auf und hören Musik, sehen aber aus dem Fenster und beobachten, wie der Postbote vor der Nachbarstür einen Satz nach hinten macht	hund	vermutlich	7	1024	768	Windows	Chrome	Deutsch	2	Male	47		Yes	8.07121666667
18	29633	evidence4	Sie vernehmen den Geruch von Essen, der aus dem Esszimmer kommt	abendessen	bare	8	1024	768	Windows	Chrome	Deutsch	2	Male	47		Yes	8.07121666667
18	25701	evidence3	Sie wissen, dass der Kaffee seit einer Stunde auf dem Tisch steht	kaffee	wohl	9	1024	768	Windows	Chrome	Deutsch	2	Male	47		Yes	8.07121666667
18	25003	evidence4	Sie sehen, dass aus dem Kaffee kein Dampf aufsteigt	kaffee	wohl	10	1024	768	Windows	Chrome	Deutsch	2	Male	47		Yes	8.07121666667
18	25418	evidence4	Sie haben im Internet den Wetterbericht gelesen, in dem stand, dass es regnen würde	regen	wohl	11	1024	768	Windows	Chrome	Deutsch	2	Male	47		Yes	8.07121666667
18	13413	evidence1	Sie trinken einen Schluck Kaffee und stellen fest, dass er kalt ist	kaffee	bare	12	1024	768	Windows	Chrome	Deutsch	2	Male	47		Yes	8.07121666667
18	22832	evidence4	Sie haben Kopfhörer auf und hören Musik, wissen aber, dass der Hund der Nachbarn oft bellt	hund	muss	13	1024	768	Windows	Chrome	Deutsch	2	Male	47		Yes	8.07121666667
18	17888	evidence2	Ihr/e Mann/Frau hat gesagt, dass das Abendessen fertig sei	abendessen	bare	14	1024	768	Windows	Chrome	Deutsch	2	Male	47		Yes	8.07121666667
19	32166	evidence2	Ihr/e Mann/Frau hat gesagt, dass das Abendessen fertig sei	abendessen	bare	3	1536	864	Windows	Firefox		1	Male	60		Yes	4.44126666667
19	24068	evidence4	Sie vernehmen den Geruch von Essen, der aus dem Esszimmer kommt	abendessen	muss	4	1536	864	Windows	Firefox		1	Male	60		Yes	4.44126666667
19	21589	evidence2	Sie hören einen Hund bellen	hund	bare	5	1536	864	Windows	Firefox		1	Male	60		Yes	4.44126666667
19	13428	evidence2	Sie konnten hören, wie Wasser auf das Dach prasselte	regen	bare	6	1536	864	Windows	Firefox		1	Male	60		Yes	4.44126666667
19	11599	evidence1	Sie trinken einen Schluck Kaffee und stellen fest, dass er kalt ist	kaffee	bare	7	1536	864	Windows	Firefox		1	Male	60		Yes	4.44126666667
19	10362	evidence3	Sie wissen, dass der Kaffee seit einer Stunde auf dem Tisch steht	kaffee	bare	8	1536	864	Windows	Firefox		1	Male	60		Yes	4.44126666667
19	11814	evidence5	Sie haben am Vormittag dunkle Wolken am Himmel gesehen	regen	vermutlich	9	1536	864	Windows	Firefox		1	Male	60		Yes	4.44126666667
19	13101	evidence3	Sie sahen, wie jemand mit nassen Haaren und durchnässten Kleidern von draußen hereinkam	regen	bare	10	1536	864	Windows	Firefox		1	Male	60		Yes	4.44126666667
19	18873	evidence3	Sie wissen, dass das Abendessen normalerweise um 18 Uhr fertig ist. Ein Blick auf die Uhr zeigt, dass es gerade 18 Uhr ist	abendessen	vermutlich	11	1536	864	Windows	Firefox		1	Male	60		Yes	4.44126666667
19	12109	evidence5	Sie sehen, dass die Tasse nicht isoliert ist	kaffee	bare	12	1536	864	Windows	Firefox		1	Male	60		Yes	4.44126666667
19	21552	evidence3	Sie haben Kopfhörer auf und hören Musik, sehen aber aus dem Fenster und beobachten, wie der Postbote vor der Nachbarstür einen Satz nach hinten macht	hund	vermutlich	13	1536	864	Windows	Firefox		1	Male	60		Yes	4.44126666667
19	23536	evidence5	Sie wissen, dass sich die Nachbarn gerade einen Hund angeschafft haben	hund	wohl	14	1536	864	Windows	Firefox		1	Male	60		Yes	4.44126666667
20	45926	evidence1	Sie schauen aus dem Fenster und sehen Struppi, den Hund der Nachbarn, wie er am Zaun steht und bellt	hund	bare	3	1920	1080	Windows	Mozilla	Deutsch	2	Male	32	Teilweise haben die Auswahlmöglichkeiten meiner Ansicht nach nicht zu der beschrieben Situation gepasst.	Confused	5.65836666667
20	38912	evidence4	Sie haben im Internet den Wetterbericht gelesen, in dem stand, dass es regnen würde	regen	wohl	4	1920	1080	Windows	Mozilla	Deutsch	2	Male	32	Teilweise haben die Auswahlmöglichkeiten meiner Ansicht nach nicht zu der beschrieben Situation gepasst.	Confused	5.65836666667
20	12371	evidence1	Sie sahen aus dem Fenster und beobachteten, wie Regentropfen vom Himmel fielen	regen	bare	5	1920	1080	Windows	Mozilla	Deutsch	2	Male	32	Teilweise haben die Auswahlmöglichkeiten meiner Ansicht nach nicht zu der beschrieben Situation gepasst.	Confused	5.65836666667
20	17074	evidence4	Sie haben Kopfhörer auf und hören Musik, wissen aber, dass der Hund der Nachbarn oft bellt	hund	vermutlich	6	1920	1080	Windows	Mozilla	Deutsch	2	Male	32	Teilweise haben die Auswahlmöglichkeiten meiner Ansicht nach nicht zu der beschrieben Situation gepasst.	Confused	5.65836666667
20	35975	evidence4	Sie vernehmen den Geruch von Essen, der aus dem Esszimmer kommt	abendessen	wohl	7	1920	1080	Windows	Mozilla	Deutsch	2	Male	32	Teilweise haben die Auswahlmöglichkeiten meiner Ansicht nach nicht zu der beschrieben Situation gepasst.	Confused	5.65836666667
20	17035	evidence5	Sie haben am Vormittag dunkle Wolken am Himmel gesehen	regen	vermutlich	8	1920	1080	Windows	Mozilla	Deutsch	2	Male	32	Teilweise haben die Auswahlmöglichkeiten meiner Ansicht nach nicht zu der beschrieben Situation gepasst.	Confused	5.65836666667
20	19884	evidence2	Sie berühren die Kaffeetasse und stellen fest, dass sie kalt ist	kaffee	bare	9	1920	1080	Windows	Mozilla	Deutsch	2	Male	32	Teilweise haben die Auswahlmöglichkeiten meiner Ansicht nach nicht zu der beschrieben Situation gepasst.	Confused	5.65836666667
20	16927	evidence5	Sie sehen, dass die Tasse nicht isoliert ist	kaffee	bare	10	1920	1080	Windows	Mozilla	Deutsch	2	Male	32	Teilweise haben die Auswahlmöglichkeiten meiner Ansicht nach nicht zu der beschrieben Situation gepasst.	Confused	5.65836666667
20	8248	evidence3	Sie wissen, dass der Kaffee seit einer Stunde auf dem Tisch steht	kaffee	bare	11	1920	1080	Windows	Mozilla	Deutsch	2	Male	32	Teilweise haben die Auswahlmöglichkeiten meiner Ansicht nach nicht zu der beschrieben Situation gepasst.	Confused	5.65836666667
20	12422	evidence2	Ihr/e Mann/Frau hat gesagt, dass das Abendessen fertig sei	abendessen	bare	12	1920	1080	Windows	Mozilla	Deutsch	2	Male	32	Teilweise haben die Auswahlmöglichkeiten meiner Ansicht nach nicht zu der beschrieben Situation gepasst.	Confused	5.65836666667
20	8383	evidence3	Sie wissen, dass das Abendessen normalerweise um 18 Uhr fertig ist. Ein Blick auf die Uhr zeigt, dass es gerade 18 Uhr ist	abendessen	vermutlich	13	1920	1080	Windows	Mozilla	Deutsch	2	Male	32	Teilweise haben die Auswahlmöglichkeiten meiner Ansicht nach nicht zu der beschrieben Situation gepasst.	Confused	5.65836666667
20	16753	evidence5	Sie wissen, dass sich die Nachbarn gerade einen Hund angeschafft haben	hund	vermutlich	14	1920	1080	Windows	Mozilla	Deutsch	2	Male	32	Teilweise haben die Auswahlmöglichkeiten meiner Ansicht nach nicht zu der beschrieben Situation gepasst.	Confused	5.65836666667
21	67427	evidence3	Sie haben Kopfhörer auf und hören Musik, sehen aber aus dem Fenster und beobachten, wie der Postbote vor der Nachbarstür einen Satz nach hinten macht	hund	wohl	3	1360	768	Windows	Chrome	deutsch	2	Male	23		Yes	4.93515
21	23517	evidence2	Sie berühren die Kaffeetasse und stellen fest, dass sie kalt ist	kaffee	bare	4	1360	768	Windows	Chrome	deutsch	2	Male	23		Yes	4.93515
21	26966	evidence1	Sie schauen aus dem Fenster und sehen Struppi, den Hund der Nachbarn, wie er am Zaun steht und bellt	hund	bare	5	1360	768	Windows	Chrome	deutsch	2	Male	23		Yes	4.93515
21	22900	evidence1	Sie haben gerade das Abendessen zubereitet und auf den Tisch gestellt	abendessen	bare	6	1360	768	Windows	Chrome	deutsch	2	Male	23		Yes	4.93515
21	15516	evidence4	Sie vernehmen den Geruch von Essen, der aus dem Esszimmer kommt	abendessen	vermutlich	7	1360	768	Windows	Chrome	deutsch	2	Male	23		Yes	4.93515
21	34914	evidence2	Sie konnten hören, wie Wasser auf das Dach prasselte	regen	bare	8	1360	768	Windows	Chrome	deutsch	2	Male	23		Yes	4.93515
21	16917	evidence3	Sie wissen, dass der Kaffee seit einer Stunde auf dem Tisch steht	kaffee	muss	9	1360	768	Windows	Chrome	deutsch	2	Male	23		Yes	4.93515
21	12018	evidence4	Sie haben Kopfhörer auf und hören Musik, wissen aber, dass der Hund der Nachbarn oft bellt	hund	vermutlich	10	1360	768	Windows	Chrome	deutsch	2	Male	23		Yes	4.93515
21	6729	evidence1	Sie trinken einen Schluck Kaffee und stellen fest, dass er kalt ist	kaffee	bare	11	1360	768	Windows	Chrome	deutsch	2	Male	23		Yes	4.93515
21	14170	evidence4	Sie haben im Internet den Wetterbericht gelesen, in dem stand, dass es regnen würde	regen	vermutlich	12	1360	768	Windows	Chrome	deutsch	2	Male	23		Yes	4.93515
21	16615	evidence1	Sie sahen aus dem Fenster und beobachteten, wie Regentropfen vom Himmel fielen	regen	bare	13	1360	768	Windows	Chrome	deutsch	2	Male	23		Yes	4.93515
21	13966	evidence3	Sie wissen, dass das Abendessen normalerweise um 18 Uhr fertig ist. Ein Blick auf die Uhr zeigt, dass es gerade 18 Uhr ist	abendessen	vermutlich	14	1360	768	Windows	Chrome	deutsch	2	Male	23		Yes	4.93515
22	17663	evidence3	Sie sahen, wie jemand mit nassen Haaren und durchnässten Kleidern von draußen hereinkam	regen	muss	3	1280	960	Windows	Firefox	deutsch	2	Female	55		Confused	5.15805
22	34701	evidence2	Sie hören einen Hund bellen	hund	wohl	4	1280	960	Windows	Firefox	deutsch	2	Female	55		Confused	5.15805
22	16088	evidence2	Ihr/e Mann/Frau hat gesagt, dass das Abendessen fertig sei	abendessen	bare	5	1280	960	Windows	Firefox	deutsch	2	Female	55		Confused	5.15805
22	19801	evidence5	Sie sehen, dass die Tasse nicht isoliert ist	kaffee	wohl	6	1280	960	Windows	Firefox	deutsch	2	Female	55		Confused	5.15805
22	17200	evidence3	Sie haben Kopfhörer auf und hören Musik, sehen aber aus dem Fenster und beobachten, wie der Postbote vor der Nachbarstür einen Satz nach hinten macht	hund	muss	7	1280	960	Windows	Firefox	deutsch	2	Female	55		Confused	5.15805
22	28990	evidence5	Sie haben Hunger	abendessen	muss	8	1280	960	Windows	Firefox	deutsch	2	Female	55		Confused	5.15805
22	14909	evidence1	Sie schauen aus dem Fenster und sehen Struppi, den Hund der Nachbarn, wie er am Zaun steht und bellt	hund	bare	9	1280	960	Windows	Firefox	deutsch	2	Female	55		Confused	5.15805
22	11920	evidence1	Sie sahen aus dem Fenster und beobachteten, wie Regentropfen vom Himmel fielen	regen	bare	10	1280	960	Windows	Firefox	deutsch	2	Female	55		Confused	5.15805
22	17880	evidence4	Sie vernehmen den Geruch von Essen, der aus dem Esszimmer kommt	abendessen	wohl	11	1280	960	Windows	Firefox	deutsch	2	Female	55		Confused	5.15805
22	24967	evidence4	Sie haben im Internet den Wetterbericht gelesen, in dem stand, dass es regnen würde	regen	vermutlich	12	1280	960	Windows	Firefox	deutsch	2	Female	55		Confused	5.15805
22	12681	evidence1	Sie trinken einen Schluck Kaffee und stellen fest, dass er kalt ist	kaffee	bare	13	1280	960	Windows	Firefox	deutsch	2	Female	55		Confused	5.15805
22	19143	evidence3	Sie wissen, dass der Kaffee seit einer Stunde auf dem Tisch steht	kaffee	muss	14	1280	960	Windows	Firefox	deutsch	2	Female	55		Confused	5.15805
23	34654	evidence2	Ihr/e Mann/Frau hat gesagt, dass das Abendessen fertig sei	abendessen	bare	3	1920	1080	Windows	Chrome	Deutsch	1	Male	22		Yes	3.184
23	19807	evidence3	Sie sahen, wie jemand mit nassen Haaren und durchnässten Kleidern von draußen hereinkam	regen	bare	4	1920	1080	Windows	Chrome	Deutsch	1	Male	22		Yes	3.184
23	8764	evidence2	Sie konnten hören, wie Wasser auf das Dach prasselte	regen	bare	5	1920	1080	Windows	Chrome	Deutsch	1	Male	22		Yes	3.184
23	12280	evidence3	Sie wissen, dass das Abendessen normalerweise um 18 Uhr fertig ist. Ein Blick auf die Uhr zeigt, dass es gerade 18 Uhr ist	abendessen	vermutlich	6	1920	1080	Windows	Chrome	Deutsch	1	Male	22		Yes	3.184
23	10012	evidence4	Sie haben Kopfhörer auf und hören Musik, wissen aber, dass der Hund der Nachbarn oft bellt	hund	vermutlich	7	1920	1080	Windows	Chrome	Deutsch	1	Male	22		Yes	3.184
23	11752	evidence5	Sie haben am Vormittag dunkle Wolken am Himmel gesehen	regen	vermutlich	8	1920	1080	Windows	Chrome	Deutsch	1	Male	22		Yes	3.184
23	9500	evidence2	Sie hören einen Hund bellen	hund	bare	9	1920	1080	Windows	Chrome	Deutsch	1	Male	22		Yes	3.184
23	11756	evidence1	Sie trinken einen Schluck Kaffee und stellen fest, dass er kalt ist	kaffee	bare	10	1920	1080	Windows	Chrome	Deutsch	1	Male	22		Yes	3.184
23	19151	evidence5	Sie wissen, dass sich die Nachbarn gerade einen Hund angeschafft haben	hund	vermutlich	11	1920	1080	Windows	Chrome	Deutsch	1	Male	22		Yes	3.184
23	11514	evidence1	Sie haben gerade das Abendessen zubereitet und auf den Tisch gestellt	abendessen	bare	12	1920	1080	Windows	Chrome	Deutsch	1	Male	22		Yes	3.184
23	5390	evidence3	Sie wissen, dass der Kaffee seit einer Stunde auf dem Tisch steht	kaffee	muss	13	1920	1080	Windows	Chrome	Deutsch	1	Male	22		Yes	3.184
23	9283	evidence4	Sie sehen, dass aus dem Kaffee kein Dampf aufsteigt	kaffee	muss	14	1920	1080	Windows	Chrome	Deutsch	1	Male	22		Yes	3.184
24	36043	evidence5	Sie wissen, dass sich die Nachbarn gerade einen Hund angeschafft haben	hund	vermutlich	3	1366	768	Windows	Firefox	Deutsch	1	Female	36		Yes	3.13161666667
24	20840	evidence5	Sie haben am Vormittag dunkle Wolken am Himmel gesehen	regen	vermutlich	4	1366	768	Windows	Firefox	Deutsch	1	Female	36		Yes	3.13161666667
24	18659	evidence4	Sie vernehmen den Geruch von Essen, der aus dem Esszimmer kommt	abendessen	wohl	5	1366	768	Windows	Firefox	Deutsch	1	Female	36		Yes	3.13161666667
24	12718	evidence3	Sie wissen, dass der Kaffee seit einer Stunde auf dem Tisch steht	kaffee	wohl	6	1366	768	Windows	Firefox	Deutsch	1	Female	36		Yes	3.13161666667
24	10349	evidence3	Sie sahen, wie jemand mit nassen Haaren und durchnässten Kleidern von draußen hereinkam	regen	wohl	7	1366	768	Windows	Firefox	Deutsch	1	Female	36		Yes	3.13161666667
24	5175	evidence2	Sie berühren die Kaffeetasse und stellen fest, dass sie kalt ist	kaffee	wohl	8	1366	768	Windows	Firefox	Deutsch	1	Female	36		Yes	3.13161666667
24	18423	evidence5	Sie haben Hunger	abendessen	vermutlich	9	1366	768	Windows	Firefox	Deutsch	1	Female	36		Yes	3.13161666667
24	4044	evidence3	Sie haben Kopfhörer auf und hören Musik, sehen aber aus dem Fenster und beobachten, wie der Postbote vor der Nachbarstür einen Satz nach hinten macht	hund	wohl	10	1366	768	Windows	Firefox	Deutsch	1	Female	36		Yes	3.13161666667
24	3719	evidence1	Sie sahen aus dem Fenster und beobachteten, wie Regentropfen vom Himmel fielen	regen	vermutlich	11	1366	768	Windows	Firefox	Deutsch	1	Female	36		Yes	3.13161666667
24	8110	evidence2	Ihr/e Mann/Frau hat gesagt, dass das Abendessen fertig sei	abendessen	vermutlich	12	1366	768	Windows	Firefox	Deutsch	1	Female	36		Yes	3.13161666667
24	2383	evidence1	Sie schauen aus dem Fenster und sehen Struppi, den Hund der Nachbarn, wie er am Zaun steht und bellt	hund	wohl	13	1366	768	Windows	Firefox	Deutsch	1	Female	36		Yes	3.13161666667
24	11974	evidence1	Sie trinken einen Schluck Kaffee und stellen fest, dass er kalt ist	kaffee	bare	14	1366	768	Windows	Firefox	Deutsch	1	Female	36		Yes	3.13161666667
25	29848	evidence5	Sie haben Hunger	abendessen	vermutlich	3	1920	1080	Windows	Firefox	deutsch	2	Male	20		Yes	2.88618333333
25	18803	evidence3	Sie wissen, dass der Kaffee seit einer Stunde auf dem Tisch steht	kaffee	bare	4	1920	1080	Windows	Firefox	deutsch	2	Male	20		Yes	2.88618333333
25	13407	evidence1	Sie schauen aus dem Fenster und sehen Struppi, den Hund der Nachbarn, wie er am Zaun steht und bellt	hund	bare	5	1920	1080	Windows	Firefox	deutsch	2	Male	20		Yes	2.88618333333
25	11062	evidence3	Sie wissen, dass das Abendessen normalerweise um 18 Uhr fertig ist. Ein Blick auf die Uhr zeigt, dass es gerade 18 Uhr ist	abendessen	vermutlich	6	1920	1080	Windows	Firefox	deutsch	2	Male	20		Yes	2.88618333333
25	10179	evidence5	Sie haben am Vormittag dunkle Wolken am Himmel gesehen	regen	vermutlich	7	1920	1080	Windows	Firefox	deutsch	2	Male	20		Yes	2.88618333333
25	10139	evidence1	Sie haben gerade das Abendessen zubereitet und auf den Tisch gestellt	abendessen	bare	8	1920	1080	Windows	Firefox	deutsch	2	Male	20		Yes	2.88618333333
25	9486	evidence2	Sie berühren die Kaffeetasse und stellen fest, dass sie kalt ist	kaffee	bare	9	1920	1080	Windows	Firefox	deutsch	2	Male	20		Yes	2.88618333333
25	4645	evidence2	Sie hören einen Hund bellen	hund	bare	10	1920	1080	Windows	Firefox	deutsch	2	Male	20		Yes	2.88618333333
25	15743	evidence3	Sie haben Kopfhörer auf und hören Musik, sehen aber aus dem Fenster und beobachten, wie der Postbote vor der Nachbarstür einen Satz nach hinten macht	hund	vermutlich	11	1920	1080	Windows	Firefox	deutsch	2	Male	20		Yes	2.88618333333
25	6384	evidence5	Sie sehen, dass die Tasse nicht isoliert ist	kaffee	muss	12	1920	1080	Windows	Firefox	deutsch	2	Male	20		Yes	2.88618333333
25	5407	evidence4	Sie haben im Internet den Wetterbericht gelesen, in dem stand, dass es regnen würde	regen	muss	13	1920	1080	Windows	Firefox	deutsch	2	Male	20		Yes	2.88618333333
25	7151	evidence3	Sie sahen, wie jemand mit nassen Haaren und durchnässten Kleidern von draußen hereinkam	regen	wohl	14	1920	1080	Windows	Firefox	deutsch	2	Male	20		Yes	2.88618333333
26	29704	evidence3	Sie haben Kopfhörer auf und hören Musik, sehen aber aus dem Fenster und beobachten, wie der Postbote vor der Nachbarstür einen Satz nach hinten macht	hund	wohl	3	1920	1080	Windows	Firefox	deutsch	1	Male	47		Yes	4.4351
26	26251	evidence5	Sie haben Hunger	abendessen	bare	4	1920	1080	Windows	Firefox	deutsch	1	Male	47		Yes	4.4351
26	15143	evidence1	Sie trinken einen Schluck Kaffee und stellen fest, dass er kalt ist	kaffee	bare	5	1920	1080	Windows	Firefox	deutsch	1	Male	47		Yes	4.4351
26	22743	evidence3	Sie wissen, dass das Abendessen normalerweise um 18 Uhr fertig ist. Ein Blick auf die Uhr zeigt, dass es gerade 18 Uhr ist	abendessen	wohl	6	1920	1080	Windows	Firefox	deutsch	1	Male	47		Yes	4.4351
26	13030	evidence1	Sie haben gerade das Abendessen zubereitet und auf den Tisch gestellt	abendessen	bare	7	1920	1080	Windows	Firefox	deutsch	1	Male	47		Yes	4.4351
26	17472	evidence3	Sie wissen, dass der Kaffee seit einer Stunde auf dem Tisch steht	kaffee	wohl	8	1920	1080	Windows	Firefox	deutsch	1	Male	47		Yes	4.4351
26	12151	evidence5	Sie sehen, dass die Tasse nicht isoliert ist	kaffee	muss	9	1920	1080	Windows	Firefox	deutsch	1	Male	47		Yes	4.4351
26	18272	evidence5	Sie wissen, dass sich die Nachbarn gerade einen Hund angeschafft haben	hund	wohl	10	1920	1080	Windows	Firefox	deutsch	1	Male	47		Yes	4.4351
26	15646	evidence2	Sie konnten hören, wie Wasser auf das Dach prasselte	regen	bare	11	1920	1080	Windows	Firefox	deutsch	1	Male	47		Yes	4.4351
26	15713	evidence4	Sie haben Kopfhörer auf und hören Musik, wissen aber, dass der Hund der Nachbarn oft bellt	hund	wohl	12	1920	1080	Windows	Firefox	deutsch	1	Male	47		Yes	4.4351
26	14336	evidence5	Sie haben am Vormittag dunkle Wolken am Himmel gesehen	regen	wohl	13	1920	1080	Windows	Firefox	deutsch	1	Male	47		Yes	4.4351
26	15630	evidence3	Sie sahen, wie jemand mit nassen Haaren und durchnässten Kleidern von draußen hereinkam	regen	bare	14	1920	1080	Windows	Firefox	deutsch	1	Male	47		Yes	4.4351
27	20328	evidence2	Sie berühren die Kaffeetasse und stellen fest, dass sie kalt ist	kaffee	muss	3	1366	768	Windows	Chrome	Deutsch	2	Male	48		Yes	3.03103333333
27	16203	evidence3	Sie wissen, dass das Abendessen normalerweise um 18 Uhr fertig ist. Ein Blick auf die Uhr zeigt, dass es gerade 18 Uhr ist	abendessen	muss	4	1366	768	Windows	Chrome	Deutsch	2	Male	48		Yes	3.03103333333
27	11351	evidence5	Sie sehen, dass die Tasse nicht isoliert ist	kaffee	muss	5	1366	768	Windows	Chrome	Deutsch	2	Male	48		Yes	3.03103333333
27	13256	evidence2	Sie konnten hören, wie Wasser auf das Dach prasselte	regen	bare	6	1366	768	Windows	Chrome	Deutsch	2	Male	48		Yes	3.03103333333
27	12078	evidence3	Sie haben Kopfhörer auf und hören Musik, sehen aber aus dem Fenster und beobachten, wie der Postbote vor der Nachbarstür einen Satz nach hinten macht	hund	wohl	7	1366	768	Windows	Chrome	Deutsch	2	Male	48		Yes	3.03103333333
27	5657	evidence4	Sie vernehmen den Geruch von Essen, der aus dem Esszimmer kommt	abendessen	wohl	8	1366	768	Windows	Chrome	Deutsch	2	Male	48		Yes	3.03103333333
27	8312	evidence1	Sie sahen aus dem Fenster und beobachteten, wie Regentropfen vom Himmel fielen	regen	bare	9	1366	768	Windows	Chrome	Deutsch	2	Male	48		Yes	3.03103333333
27	10328	evidence1	Sie trinken einen Schluck Kaffee und stellen fest, dass er kalt ist	kaffee	bare	10	1366	768	Windows	Chrome	Deutsch	2	Male	48		Yes	3.03103333333
27	10079	evidence2	Sie hören einen Hund bellen	hund	bare	11	1366	768	Windows	Chrome	Deutsch	2	Male	48		Yes	3.03103333333
27	6808	evidence5	Sie haben Hunger	abendessen	muss	12	1366	768	Windows	Chrome	Deutsch	2	Male	48		Yes	3.03103333333
27	6855	evidence5	Sie haben am Vormittag dunkle Wolken am Himmel gesehen	regen	vermutlich	13	1366	768	Windows	Chrome	Deutsch	2	Male	48		Yes	3.03103333333
27	10006	evidence5	Sie wissen, dass sich die Nachbarn gerade einen Hund angeschafft haben	hund	bare	14	1366	768	Windows	Chrome	Deutsch	2	Male	48		Yes	3.03103333333
28	42341	evidence3	Sie sahen, wie jemand mit nassen Haaren und durchnässten Kleidern von draußen hereinkam	regen	bare	3	1920	1080	Windows	Chrome	Deutsch	2	Male	30		Yes	4.4809
28	18447	evidence4	Sie sehen, dass aus dem Kaffee kein Dampf aufsteigt	kaffee	wohl	4	1920	1080	Windows	Chrome	Deutsch	2	Male	30		Yes	4.4809
28	10349	evidence2	Sie berühren die Kaffeetasse und stellen fest, dass sie kalt ist	kaffee	bare	5	1920	1080	Windows	Chrome	Deutsch	2	Male	30		Yes	4.4809
28	17619	evidence2	Sie hören einen Hund bellen	hund	vermutlich	6	1920	1080	Windows	Chrome	Deutsch	2	Male	30		Yes	4.4809
28	15943	evidence4	Sie haben Kopfhörer auf und hören Musik, wissen aber, dass der Hund der Nachbarn oft bellt	hund	wohl	7	1920	1080	Windows	Chrome	Deutsch	2	Male	30		Yes	4.4809
28	15244	evidence2	Sie konnten hören, wie Wasser auf das Dach prasselte	regen	bare	8	1920	1080	Windows	Chrome	Deutsch	2	Male	30		Yes	4.4809
28	19312	evidence2	Ihr/e Mann/Frau hat gesagt, dass das Abendessen fertig sei	abendessen	muss	9	1920	1080	Windows	Chrome	Deutsch	2	Male	30		Yes	4.4809
28	6870	evidence1	Sie haben gerade das Abendessen zubereitet und auf den Tisch gestellt	abendessen	bare	10	1920	1080	Windows	Chrome	Deutsch	2	Male	30		Yes	4.4809
28	21657	evidence3	Sie wissen, dass der Kaffee seit einer Stunde auf dem Tisch steht	kaffee	bare	11	1920	1080	Windows	Chrome	Deutsch	2	Male	30		Yes	4.4809
28	18271	evidence3	Sie wissen, dass das Abendessen normalerweise um 18 Uhr fertig ist. Ein Blick auf die Uhr zeigt, dass es gerade 18 Uhr ist	abendessen	wohl	12	1920	1080	Windows	Chrome	Deutsch	2	Male	30		Yes	4.4809
28	28498	evidence5	Sie haben am Vormittag dunkle Wolken am Himmel gesehen	regen	vermutlich	13	1920	1080	Windows	Chrome	Deutsch	2	Male	30		Yes	4.4809
28	21222	evidence5	Sie wissen, dass sich die Nachbarn gerade einen Hund angeschafft haben	hund	wohl	14	1920	1080	Windows	Chrome	Deutsch	2	Male	30		Yes	4.4809
29	17727	evidence3	Sie haben Kopfhörer auf und hören Musik, sehen aber aus dem Fenster und beobachten, wie der Postbote vor der Nachbarstür einen Satz nach hinten macht	hund	vermutlich	3	1920	1080	Windows	Chrome	deutsch	2	Female	54		Yes	2.60538333333
29	9432	evidence4	Sie vernehmen den Geruch von Essen, der aus dem Esszimmer kommt	abendessen	wohl	4	1920	1080	Windows	Chrome	deutsch	2	Female	54		Yes	2.60538333333
29	16327	evidence5	Sie haben Hunger	abendessen	muss	5	1920	1080	Windows	Chrome	deutsch	2	Female	54		Yes	2.60538333333
29	7200	evidence2	Sie hören einen Hund bellen	hund	bare	6	1920	1080	Windows	Chrome	deutsch	2	Female	54		Yes	2.60538333333
29	8415	evidence1	Sie sahen aus dem Fenster und beobachteten, wie Regentropfen vom Himmel fielen	regen	bare	7	1920	1080	Windows	Chrome	deutsch	2	Female	54		Yes	2.60538333333
29	13480	evidence5	Sie sehen, dass die Tasse nicht isoliert ist	kaffee	vermutlich	8	1920	1080	Windows	Chrome	deutsch	2	Female	54		Yes	2.60538333333
29	8752	evidence1	Sie schauen aus dem Fenster und sehen Struppi, den Hund der Nachbarn, wie er am Zaun steht und bellt	hund	bare	9	1920	1080	Windows	Chrome	deutsch	2	Female	54		Yes	2.60538333333
29	8159	evidence1	Sie haben gerade das Abendessen zubereitet und auf den Tisch gestellt	abendessen	bare	10	1920	1080	Windows	Chrome	deutsch	2	Female	54		Yes	2.60538333333
29	4935	evidence1	Sie trinken einen Schluck Kaffee und stellen fest, dass er kalt ist	kaffee	bare	11	1920	1080	Windows	Chrome	deutsch	2	Female	54		Yes	2.60538333333
29	9592	evidence2	Sie konnten hören, wie Wasser auf das Dach prasselte	regen	bare	12	1920	1080	Windows	Chrome	deutsch	2	Female	54		Yes	2.60538333333
29	17960	evidence4	Sie haben im Internet den Wetterbericht gelesen, in dem stand, dass es regnen würde	regen	vermutlich	13	1920	1080	Windows	Chrome	deutsch	2	Female	54		Yes	2.60538333333
29	7360	evidence2	Sie berühren die Kaffeetasse und stellen fest, dass sie kalt ist	kaffee	wohl	14	1920	1080	Windows	Chrome	deutsch	2	Female	54		Yes	2.60538333333
30	28194	evidence2	Ihr/e Mann/Frau hat gesagt, dass das Abendessen fertig sei	abendessen	bare	3	1920	1200	Windows	Firefox		-1				Yes	2.9085
30	21567	evidence4	Sie haben Kopfhörer auf und hören Musik, wissen aber, dass der Hund der Nachbarn oft bellt	hund	vermutlich	4	1920	1200	Windows	Firefox		-1				Yes	2.9085
30	12291	evidence3	Sie wissen, dass das Abendessen normalerweise um 18 Uhr fertig ist. Ein Blick auf die Uhr zeigt, dass es gerade 18 Uhr ist	abendessen	vermutlich	5	1920	1200	Windows	Firefox		-1				Yes	2.9085
30	7383	evidence1	Sie trinken einen Schluck Kaffee und stellen fest, dass er kalt ist	kaffee	bare	6	1920	1200	Windows	Firefox		-1				Yes	2.9085
30	15041	evidence5	Sie haben Hunger	abendessen	wohl	7	1920	1200	Windows	Firefox		-1				Yes	2.9085
30	11398	evidence1	Sie sahen aus dem Fenster und beobachteten, wie Regentropfen vom Himmel fielen	regen	muss	8	1920	1200	Windows	Firefox		-1				Yes	2.9085
30	15198	evidence5	Sie wissen, dass sich die Nachbarn gerade einen Hund angeschafft haben	hund	wohl	9	1920	1200	Windows	Firefox		-1				Yes	2.9085
30	9215	evidence4	Sie haben im Internet den Wetterbericht gelesen, in dem stand, dass es regnen würde	regen	vermutlich	10	1920	1200	Windows	Firefox		-1				Yes	2.9085
30	3935	evidence5	Sie haben am Vormittag dunkle Wolken am Himmel gesehen	regen	vermutlich	11	1920	1200	Windows	Firefox		-1				Yes	2.9085
30	10456	evidence3	Sie wissen, dass der Kaffee seit einer Stunde auf dem Tisch steht	kaffee	vermutlich	12	1920	1200	Windows	Firefox		-1				Yes	2.9085
30	5377	evidence2	Sie berühren die Kaffeetasse und stellen fest, dass sie kalt ist	kaffee	bare	13	1920	1200	Windows	Firefox		-1				Yes	2.9085
30	4461	evidence2	Sie hören einen Hund bellen	hund	bare	14	1920	1200	Windows	Firefox		-1				Yes	2.9085
31	89194	evidence4	Sie haben Kopfhörer auf und hören Musik, wissen aber, dass der Hund der Nachbarn oft bellt	hund	vermutlich	3	768	1024	an unknown OS	Safari	Deutsch	2	Female	60		Yes	9.7954
31	50645	evidence3	Sie sahen, wie jemand mit nassen Haaren und durchnässten Kleidern von draußen hereinkam	regen	wohl	4	768	1024	an unknown OS	Safari	Deutsch	2	Female	60		Yes	9.7954
31	4497	evidence2	Sie konnten hören, wie Wasser auf das Dach prasselte	regen	wohl	5	768	1024	an unknown OS	Safari	Deutsch	2	Female	60		Yes	9.7954
31	39661	evidence3	Sie haben Kopfhörer auf und hören Musik, sehen aber aus dem Fenster und beobachten, wie der Postbote vor der Nachbarstür einen Satz nach hinten macht	hund	bare	6	768	1024	an unknown OS	Safari	Deutsch	2	Female	60		Yes	9.7954
31	30620	evidence3	Sie wissen, dass der Kaffee seit einer Stunde auf dem Tisch steht	kaffee	bare	7	768	1024	an unknown OS	Safari	Deutsch	2	Female	60		Yes	9.7954
31	33778	evidence3	Sie wissen, dass das Abendessen normalerweise um 18 Uhr fertig ist. Ein Blick auf die Uhr zeigt, dass es gerade 18 Uhr ist	abendessen	bare	8	768	1024	an unknown OS	Safari	Deutsch	2	Female	60		Yes	9.7954
31	40120	evidence4	Sie haben im Internet den Wetterbericht gelesen, in dem stand, dass es regnen würde	regen	wohl	9	768	1024	an unknown OS	Safari	Deutsch	2	Female	60		Yes	9.7954
31	22128	evidence5	Sie haben Hunger	abendessen	bare	10	768	1024	an unknown OS	Safari	Deutsch	2	Female	60		Yes	9.7954
31	37776	evidence4	Sie vernehmen den Geruch von Essen, der aus dem Esszimmer kommt	abendessen	bare	11	768	1024	an unknown OS	Safari	Deutsch	2	Female	60		Yes	9.7954
31	18882	evidence4	Sie sehen, dass aus dem Kaffee kein Dampf aufsteigt	kaffee	bare	12	768	1024	an unknown OS	Safari	Deutsch	2	Female	60		Yes	9.7954
31	23205	evidence5	Sie sehen, dass die Tasse nicht isoliert ist	kaffee	wohl	13	768	1024	an unknown OS	Safari	Deutsch	2	Female	60		Yes	9.7954
31	23818	evidence5	Sie wissen, dass sich die Nachbarn gerade einen Hund angeschafft haben	hund	wohl	14	768	1024	an unknown OS	Safari	Deutsch	2	Female	60		Yes	9.7954
32	4090	evidence4	Sie vernehmen den Geruch von Essen, der aus dem Esszimmer kommt	abendessen	wohl	3	1600	900	Windows	Chrome	Deutsch	2	Male	32		Yes	1.1147
32	2101	evidence2	Sie konnten hören, wie Wasser auf das Dach prasselte	regen	bare	4	1600	900	Windows	Chrome	Deutsch	2	Male	32		Yes	1.1147
32	2329	evidence3	Sie sahen, wie jemand mit nassen Haaren und durchnässten Kleidern von draußen hereinkam	regen	wohl	5	1600	900	Windows	Chrome	Deutsch	2	Male	32		Yes	1.1147
32	7043	evidence4	Sie sehen, dass aus dem Kaffee kein Dampf aufsteigt	kaffee	wohl	6	1600	900	Windows	Chrome	Deutsch	2	Male	32		Yes	1.1147
32	1902	evidence2	Ihr/e Mann/Frau hat gesagt, dass das Abendessen fertig sei	abendessen	bare	7	1600	900	Windows	Chrome	Deutsch	2	Male	32		Yes	1.1147
32	2800	evidence3	Sie wissen, dass der Kaffee seit einer Stunde auf dem Tisch steht	kaffee	vermutlich	8	1600	900	Windows	Chrome	Deutsch	2	Male	32		Yes	1.1147
32	3733	evidence5	Sie wissen, dass sich die Nachbarn gerade einen Hund angeschafft haben	hund	muss	9	1600	900	Windows	Chrome	Deutsch	2	Male	32		Yes	1.1147
32	2621	evidence1	Sie trinken einen Schluck Kaffee und stellen fest, dass er kalt ist	kaffee	wohl	10	1600	900	Windows	Chrome	Deutsch	2	Male	32		Yes	1.1147
32	3643	evidence2	Sie hören einen Hund bellen	hund	wohl	11	1600	900	Windows	Chrome	Deutsch	2	Male	32		Yes	1.1147
32	3839	evidence5	Sie haben am Vormittag dunkle Wolken am Himmel gesehen	regen	wohl	12	1600	900	Windows	Chrome	Deutsch	2	Male	32		Yes	1.1147
32	2981	evidence1	Sie schauen aus dem Fenster und sehen Struppi, den Hund der Nachbarn, wie er am Zaun steht und bellt	hund	wohl	13	1600	900	Windows	Chrome	Deutsch	2	Male	32		Yes	1.1147
32	1882	evidence1	Sie haben gerade das Abendessen zubereitet und auf den Tisch gestellt	abendessen	wohl	14	1600	900	Windows	Chrome	Deutsch	2	Male	32		Yes	1.1147
33	24033	evidence2	Sie berühren die Kaffeetasse und stellen fest, dass sie kalt ist	kaffee	bare	3	1600	900	Windows	Chrome	deutsch	2	Female	61		Yes	4.15838333333
33	15918	evidence2	Ihr/e Mann/Frau hat gesagt, dass das Abendessen fertig sei	abendessen	bare	4	1600	900	Windows	Chrome	deutsch	2	Female	61		Yes	4.15838333333
33	12388	evidence1	Sie schauen aus dem Fenster und sehen Struppi, den Hund der Nachbarn, wie er am Zaun steht und bellt	hund	bare	5	1600	900	Windows	Chrome	deutsch	2	Female	61		Yes	4.15838333333
33	25185	evidence3	Sie sahen, wie jemand mit nassen Haaren und durchnässten Kleidern von draußen hereinkam	regen	wohl	6	1600	900	Windows	Chrome	deutsch	2	Female	61		Yes	4.15838333333
33	18954	evidence5	Sie haben am Vormittag dunkle Wolken am Himmel gesehen	regen	vermutlich	7	1600	900	Windows	Chrome	deutsch	2	Female	61		Yes	4.15838333333
33	21860	evidence4	Sie haben im Internet den Wetterbericht gelesen, in dem stand, dass es regnen würde	regen	muss	8	1600	900	Windows	Chrome	deutsch	2	Female	61		Yes	4.15838333333
33	13521	evidence5	Sie haben Hunger	abendessen	bare	9	1600	900	Windows	Chrome	deutsch	2	Female	61		Yes	4.15838333333
33	7858	evidence4	Sie sehen, dass aus dem Kaffee kein Dampf aufsteigt	kaffee	bare	10	1600	900	Windows	Chrome	deutsch	2	Female	61		Yes	4.15838333333
33	22831	evidence5	Sie wissen, dass sich die Nachbarn gerade einen Hund angeschafft haben	hund	wohl	11	1600	900	Windows	Chrome	deutsch	2	Female	61		Yes	4.15838333333
33	7518	evidence1	Sie haben gerade das Abendessen zubereitet und auf den Tisch gestellt	abendessen	bare	12	1600	900	Windows	Chrome	deutsch	2	Female	61		Yes	4.15838333333
33	8748	evidence3	Sie wissen, dass der Kaffee seit einer Stunde auf dem Tisch steht	kaffee	bare	13	1600	900	Windows	Chrome	deutsch	2	Female	61		Yes	4.15838333333
33	18420	evidence4	Sie haben Kopfhörer auf und hören Musik, wissen aber, dass der Hund der Nachbarn oft bellt	hund	wohl	14	1600	900	Windows	Chrome	deutsch	2	Female	61		Yes	4.15838333333
34	26628	evidence1	Sie schauen aus dem Fenster und sehen Struppi, den Hund der Nachbarn, wie er am Zaun steht und bellt	hund	wohl	3	1600	900	Windows	Firefox	Deutsch	2	Male	43		Confused	2.96225
34	24024	evidence4	Sie sehen, dass aus dem Kaffee kein Dampf aufsteigt	kaffee	vermutlich	4	1600	900	Windows	Firefox	Deutsch	2	Male	43		Confused	2.96225
34	15583	evidence4	Sie haben im Internet den Wetterbericht gelesen, in dem stand, dass es regnen würde	regen	vermutlich	5	1600	900	Windows	Firefox	Deutsch	2	Male	43		Confused	2.96225
34	7333	evidence5	Sie sehen, dass die Tasse nicht isoliert ist	kaffee	vermutlich	6	1600	900	Windows	Firefox	Deutsch	2	Male	43		Confused	2.96225
34	6030	evidence4	Sie haben Kopfhörer auf und hören Musik, wissen aber, dass der Hund der Nachbarn oft bellt	hund	bare	7	1600	900	Windows	Firefox	Deutsch	2	Male	43		Confused	2.96225
34	8423	evidence3	Sie sahen, wie jemand mit nassen Haaren und durchnässten Kleidern von draußen hereinkam	regen	bare	8	1600	900	Windows	Firefox	Deutsch	2	Male	43		Confused	2.96225
34	3765	evidence5	Sie haben am Vormittag dunkle Wolken am Himmel gesehen	regen	bare	9	1600	900	Windows	Firefox	Deutsch	2	Male	43		Confused	2.96225
34	18952	evidence5	Sie haben Hunger	abendessen	wohl	10	1600	900	Windows	Firefox	Deutsch	2	Male	43		Confused	2.96225
34	3895	evidence3	Sie wissen, dass das Abendessen normalerweise um 18 Uhr fertig ist. Ein Blick auf die Uhr zeigt, dass es gerade 18 Uhr ist	abendessen	bare	11	1600	900	Windows	Firefox	Deutsch	2	Male	43		Confused	2.96225
34	9846	evidence1	Sie haben gerade das Abendessen zubereitet und auf den Tisch gestellt	abendessen	bare	12	1600	900	Windows	Firefox	Deutsch	2	Male	43		Confused	2.96225
34	10844	evidence1	Sie trinken einen Schluck Kaffee und stellen fest, dass er kalt ist	kaffee	muss	13	1600	900	Windows	Firefox	Deutsch	2	Male	43		Confused	2.96225
34	6384	evidence2	Sie hören einen Hund bellen	hund	bare	14	1600	900	Windows	Firefox	Deutsch	2	Male	43		Confused	2.96225
35	30612	evidence3	Sie wissen, dass das Abendessen normalerweise um 18 Uhr fertig ist. Ein Blick auf die Uhr zeigt, dass es gerade 18 Uhr ist	abendessen	wohl	3	1600	900	Windows	Firefox	deutsch	2	Male	23		Yes	4.94885
35	26710	evidence1	Sie trinken einen Schluck Kaffee und stellen fest, dass er kalt ist	kaffee	bare	4	1600	900	Windows	Firefox	deutsch	2	Male	23		Yes	4.94885
35	49201	evidence3	Sie sahen, wie jemand mit nassen Haaren und durchnässten Kleidern von draußen hereinkam	regen	vermutlich	5	1600	900	Windows	Firefox	deutsch	2	Male	23		Yes	4.94885
35	26867	evidence3	Sie haben Kopfhörer auf und hören Musik, sehen aber aus dem Fenster und beobachten, wie der Postbote vor der Nachbarstür einen Satz nach hinten macht	hund	wohl	6	1600	900	Windows	Firefox	deutsch	2	Male	23		Yes	4.94885
35	12180	evidence2	Ihr/e Mann/Frau hat gesagt, dass das Abendessen fertig sei	abendessen	bare	7	1600	900	Windows	Firefox	deutsch	2	Male	23		Yes	4.94885
35	12112	evidence4	Sie sehen, dass aus dem Kaffee kein Dampf aufsteigt	kaffee	vermutlich	8	1600	900	Windows	Firefox	deutsch	2	Male	23		Yes	4.94885
35	12762	evidence1	Sie schauen aus dem Fenster und sehen Struppi, den Hund der Nachbarn, wie er am Zaun steht und bellt	hund	bare	9	1600	900	Windows	Firefox	deutsch	2	Male	23		Yes	4.94885
35	8339	evidence2	Sie berühren die Kaffeetasse und stellen fest, dass sie kalt ist	kaffee	bare	10	1600	900	Windows	Firefox	deutsch	2	Male	23		Yes	4.94885
35	19884	evidence4	Sie vernehmen den Geruch von Essen, der aus dem Esszimmer kommt	abendessen	muss	11	1600	900	Windows	Firefox	deutsch	2	Male	23		Yes	4.94885
35	6663	evidence2	Sie hören einen Hund bellen	hund	bare	12	1600	900	Windows	Firefox	deutsch	2	Male	23		Yes	4.94885
35	15787	evidence4	Sie haben im Internet den Wetterbericht gelesen, in dem stand, dass es regnen würde	regen	muss	13	1600	900	Windows	Firefox	deutsch	2	Male	23		Yes	4.94885
35	6126	evidence1	Sie sahen aus dem Fenster und beobachteten, wie Regentropfen vom Himmel fielen	regen	bare	14	1600	900	Windows	Firefox	deutsch	2	Male	23		Yes	4.94885
36	34444	evidence1	Sie haben gerade das Abendessen zubereitet und auf den Tisch gestellt	abendessen	bare	3	1280	1024	Windows	Mozilla	Deutsch	1	Female	27		Yes	6.93348333333
36	22621	evidence1	Sie schauen aus dem Fenster und sehen Struppi, den Hund der Nachbarn, wie er am Zaun steht und bellt	hund	bare	4	1280	1024	Windows	Mozilla	Deutsch	1	Female	27		Yes	6.93348333333
36	12694	evidence2	Ihr/e Mann/Frau hat gesagt, dass das Abendessen fertig sei	abendessen	bare	5	1280	1024	Windows	Mozilla	Deutsch	1	Female	27		Yes	6.93348333333
36	12199	evidence5	Sie wissen, dass sich die Nachbarn gerade einen Hund angeschafft haben	hund	wohl	6	1280	1024	Windows	Mozilla	Deutsch	1	Female	27		Yes	6.93348333333
36	9815	evidence3	Sie wissen, dass das Abendessen normalerweise um 18 Uhr fertig ist. Ein Blick auf die Uhr zeigt, dass es gerade 18 Uhr ist	abendessen	vermutlich	7	1280	1024	Windows	Mozilla	Deutsch	1	Female	27		Yes	6.93348333333
36	16910	evidence5	Sie sehen, dass die Tasse nicht isoliert ist	kaffee	wohl	8	1280	1024	Windows	Mozilla	Deutsch	1	Female	27		Yes	6.93348333333
36	11215	evidence3	Sie sahen, wie jemand mit nassen Haaren und durchnässten Kleidern von draußen hereinkam	regen	bare	9	1280	1024	Windows	Mozilla	Deutsch	1	Female	27		Yes	6.93348333333
36	7823	evidence2	Sie berühren die Kaffeetasse und stellen fest, dass sie kalt ist	kaffee	bare	10	1280	1024	Windows	Mozilla	Deutsch	1	Female	27		Yes	6.93348333333
36	10287	evidence2	Sie hören einen Hund bellen	hund	wohl	11	1280	1024	Windows	Mozilla	Deutsch	1	Female	27		Yes	6.93348333333
36	8815	evidence4	Sie sehen, dass aus dem Kaffee kein Dampf aufsteigt	kaffee	wohl	12	1280	1024	Windows	Mozilla	Deutsch	1	Female	27		Yes	6.93348333333
36	238298	evidence5	Sie haben am Vormittag dunkle Wolken am Himmel gesehen	regen	vermutlich	13	1280	1024	Windows	Mozilla	Deutsch	1	Female	27		Yes	6.93348333333
36	3695	evidence2	Sie konnten hören, wie Wasser auf das Dach prasselte	regen	bare	14	1280	1024	Windows	Mozilla	Deutsch	1	Female	27		Yes	6.93348333333
37	13667	evidence4	Sie sehen, dass aus dem Kaffee kein Dampf aufsteigt	kaffee	vermutlich	3	1440	900	Windows	Firefox	deutsch	2	Male	47		Yes	3.88325
37	23794	evidence1	Sie trinken einen Schluck Kaffee und stellen fest, dass er kalt ist	kaffee	wohl	4	1440	900	Windows	Firefox	deutsch	2	Male	47		Yes	3.88325
37	11240	evidence2	Sie berühren die Kaffeetasse und stellen fest, dass sie kalt ist	kaffee	bare	5	1440	900	Windows	Firefox	deutsch	2	Male	47		Yes	3.88325
37	29269	evidence1	Sie sahen aus dem Fenster und beobachteten, wie Regentropfen vom Himmel fielen	regen	bare	6	1440	900	Windows	Firefox	deutsch	2	Male	47		Yes	3.88325
37	22772	evidence3	Sie haben Kopfhörer auf und hören Musik, sehen aber aus dem Fenster und beobachten, wie der Postbote vor der Nachbarstür einen Satz nach hinten macht	hund	wohl	7	1440	900	Windows	Firefox	deutsch	2	Male	47		Yes	3.88325
37	22320	evidence4	Sie haben im Internet den Wetterbericht gelesen, in dem stand, dass es regnen würde	regen	muss	8	1440	900	Windows	Firefox	deutsch	2	Male	47		Yes	3.88325
37	20750	evidence5	Sie haben am Vormittag dunkle Wolken am Himmel gesehen	regen	wohl	9	1440	900	Windows	Firefox	deutsch	2	Male	47		Yes	3.88325
37	17318	evidence2	Ihr/e Mann/Frau hat gesagt, dass das Abendessen fertig sei	abendessen	bare	10	1440	900	Windows	Firefox	deutsch	2	Male	47		Yes	3.88325
37	9732	evidence1	Sie schauen aus dem Fenster und sehen Struppi, den Hund der Nachbarn, wie er am Zaun steht und bellt	hund	muss	11	1440	900	Windows	Firefox	deutsch	2	Male	47		Yes	3.88325
37	10562	evidence4	Sie haben Kopfhörer auf und hören Musik, wissen aber, dass der Hund der Nachbarn oft bellt	hund	wohl	12	1440	900	Windows	Firefox	deutsch	2	Male	47		Yes	3.88325
37	11774	evidence4	Sie vernehmen den Geruch von Essen, der aus dem Esszimmer kommt	abendessen	bare	13	1440	900	Windows	Firefox	deutsch	2	Male	47		Yes	3.88325
37	8471	evidence1	Sie haben gerade das Abendessen zubereitet und auf den Tisch gestellt	abendessen	bare	14	1440	900	Windows	Firefox	deutsch	2	Male	47		Yes	3.88325
